Date,Last,SettlementPrice,Change,% Change,Bid,Ask,Open Interest,CVol
02/23/18,,4023.40 ,0.00 ,0.00 ,,,,
02/22/18,4023.40 ,4023.40 ,74.80 ,1.89 ,,,27643.00 ,12424.00 
02/21/18,,3948.60 ,0.00 ,0.00 ,,,,
02/20/18,,3948.60 ,0.00 ,0.00 ,,,,
02/16/18,,3948.60 ,0.00 ,0.00 ,,,,
02/15/18,,3948.60 ,0.00 ,0.00 ,,,,
02/14/18,3948.60 ,3948.60 ,40.80 ,1.04 ,,,25380.00 ,12481.00 
02/13/18,3907.80 ,3907.80 ,39.40 ,1.02 ,,,22983.00 ,10534.00 
02/12/18,3868.40 ,3868.40 ,99.60 ,2.64 ,,,21652.00 ,12846.00 
02/09/18,3768.80 ,3768.80 ,-231.40 ,-5.78 ,,,20099.00 ,6882.00 
02/08/18,4000.20 ,4000.20 ,-47.80 ,-1.18 ,,,19413.00 ,7745.00 
02/07/18,4048.00 ,4048.00 ,-94.00 ,-2.27 ,,,19041.00 ,7011.00 
02/06/18,4142.00 ,4142.00 ,-123.20 ,-2.89 ,,,18021.00 ,3826.00 
02/05/18,4265.20 ,4265.20 ,-13.00 ,-0.30 ,,,17817.00 ,3919.00 
02/02/18,4278.20 ,4278.20 ,39.20 ,0.92 ,,,17798.00 ,4022.00 
02/01/18,4239.00 ,4239.00 ,-40.20 ,-0.94 ,,,17419.00 ,3570.00 
01/31/18,4279.20 ,4279.20 ,-4.80 ,-0.11 ,,,17142.00 ,3075.00 
01/30/18,4284.00 ,4284.00 ,-42.80 ,-0.99 ,,,17036.00 ,3797.00 
01/29/18,4326.80 ,4326.80 ,-88.60 ,-2.01 ,,,16629.00 ,2523.00 
01/26/18,4415.40 ,4415.40 ,23.20 ,0.53 ,,,16660.00 ,2979.00 
01/25/18,4392.20 ,4392.20 ,-17.60 ,-0.40 ,,,16758.00 ,3110.00 
01/24/18,4409.80 ,4409.80 ,19.00 ,0.43 ,,,16737.00 ,3048.00 
01/23/18,4390.80 ,4390.80 ,40.40 ,0.93 ,,,16708.00 ,2975.00 
01/22/18,4350.40 ,4350.40 ,59.40 ,1.38 ,,,16960.00 ,3476.00 
01/19/18,4291.00 ,4291.00 ,19.00 ,0.44 ,,,6357.00 ,11591.00 
01/18/18,4272.00 ,4272.00 ,20.00 ,0.47 ,,,13150.00 ,17051.00 
01/17/18,4252.00 ,4252.00 ,3.00 ,0.07 ,,,17846.00 ,15653.00 
01/16/18,4249.00 ,4249.00 ,25.60 ,0.61 ,,,20405.00 ,16457.00 
01/12/18,4223.40 ,4223.40 ,13.40 ,0.32 ,,,22539.00 ,12802.00 
01/11/18,4210.00 ,4210.00 ,6.00 ,0.14 ,,,23717.00 ,14317.00 
01/10/18,4204.00 ,4204.00 ,14.40 ,0.34 ,,,23372.00 ,13392.00 
01/09/18,4189.60 ,4189.60 ,31.40 ,0.76 ,,,24043.00 ,13194.00 
01/08/18,4158.20 ,4158.20 ,12.20 ,0.29 ,,,23720.00 ,12629.00 
01/05/18,4146.00 ,4146.00 ,16.40 ,0.40 ,,,24097.00 ,13158.00 
01/04/18,4129.60 ,4129.60 ,2.80 ,0.07 ,,,24465.00 ,16132.00 
01/03/18,4126.80 ,4126.80 ,31.20 ,0.76 ,,,24471.00 ,14290.00 
01/02/18,4095.60 ,4095.60 ,58.20 ,1.44 ,,,24631.00 ,12676.00 
12/29/17,4037.40 ,4037.40 ,7.40 ,0.18 ,,,25759.00 ,14808.00 
12/28/17,4030.00 ,4030.00 ,26.20 ,0.65 ,,,25960.00 ,16135.00 
12/27/17,4003.80 ,4003.80 ,-63.60 ,-1.56 ,,,26402.00 ,15143.00 
12/26/17,4067.40 ,4067.40 ,-2.00 ,-0.05 ,,,25971.00 ,14448.00 
12/22/17,4069.40 ,4069.40 ,-17.80 ,-0.44 ,,,26615.00 ,18722.00 
12/21/17,4087.20 ,4087.20 ,59.20 ,1.47 ,,,26353.00 ,13760.00 
12/20/17,4028.00 ,4028.00 ,-11.00 ,-0.27 ,,,26389.00 ,14708.00 
12/19/17,4039.00 ,4039.00 ,56.40 ,1.42 ,,,25862.00 ,14821.00 
12/18/17,3982.60 ,3982.60 ,-6.30 ,-0.16 ,,,25768.00 ,16911.00 
12/15/17,3988.90 ,3988.90 ,-39.50 ,-0.98 ,,,6425.00 ,10951.00 
12/14/17,4028.40 ,4028.40 ,-18.20 ,-0.45 ,,,12652.00 ,14235.00 
12/13/17,4046.60 ,4046.60 ,20.00 ,0.50 ,,,16874.00 ,14903.00 
12/12/17,4026.60 ,4026.60 ,-29.80 ,-0.73 ,,,20755.00 ,16388.00 
12/11/17,4056.40 ,4056.40 ,57.20 ,1.43 ,,,24558.00 ,15727.00 
12/08/17,3999.20 ,3999.20 ,46.20 ,1.17 ,,,26046.00 ,16130.00 
12/07/17,3953.00 ,3953.00 ,-21.20 ,-0.53 ,,,27479.00 ,17224.00 
12/06/17,3974.20 ,3974.20 ,-47.80 ,-1.19 ,,,27828.00 ,15104.00 
12/05/17,4022.00 ,4022.00 ,19.60 ,0.49 ,,,29044.00 ,15109.00 
12/04/17,4002.40 ,4002.40 ,16.40 ,0.41 ,,,29866.00 ,16075.00 
12/01/17,3986.00 ,3986.00 ,-55.00 ,-1.36 ,,,30568.00 ,17217.00 
11/30/17,,4041.00 ,0.00 ,0.00 ,,,,
11/29/17,,4041.00 ,0.20 ,0.00 ,,,31313.00 ,
11/28/17,,4040.80 ,7.00 ,0.17 ,,,31177.00 ,16020.00 
11/27/17,,4033.80 ,-73.20 ,-1.78 ,,,32739.00 ,18258.00 
11/24/17,,4107.00 ,-113.60 ,-2.69 ,,,33577.00 ,18254.00 
11/22/17,,4220.60 ,-1.60 ,-0.04 ,,,33192.00 ,16812.00 
11/21/17,,4222.20 ,91.80 ,2.22 ,,,33502.00 ,17193.00 
11/20/17,,4130.40 ,17.80 ,0.43 ,,,33394.00 ,15770.00 
11/17/17,,4112.60 ,6.00 ,0.15 ,,,30075.00 ,14623.00 
11/16/17,,4106.60 ,28.60 ,0.70 ,,,11411.00 ,9306.00 
11/15/17,,4078.00 ,-26.20 ,-0.64 ,,,15076.00 ,11726.00 
11/14/17,,4104.20 ,-24.60 ,-0.60 ,,,17304.00 ,11904.00 
11/13/17,,4128.80 ,19.20 ,0.47 ,,,19480.00 ,10383.00 
11/10/17,,4109.60 ,44.80 ,1.10 ,,,19811.00 ,11989.00 
11/09/17,,4064.80 ,15.20 ,0.38 ,,,21142.00 ,10645.00 
11/08/17,,4049.60 ,7.80 ,0.19 ,,,21820.00 ,14025.00 
11/07/17,,4041.80 ,38.60 ,0.96 ,,,21756.00 ,12556.00 
11/06/17,,4003.20 ,46.40 ,1.17 ,,,22627.00 ,11813.00 
11/03/17,,3956.80 ,-20.80 ,-0.52 ,,,22202.00 ,13262.00 
11/02/17,,3977.60 ,-14.00 ,-0.35 ,,,23235.00 ,11379.00 
11/01/17,,3991.60 ,0.00 ,0.00 ,,,,
10/31/17,,3991.60 ,12.80 ,0.32 ,,,23922.00 ,12790.00 
10/30/17,,3978.80 ,-30.20 ,-0.75 ,,,22980.00 ,15110.00 
10/27/17,,4009.00 ,15.80 ,0.40 ,,,23796.00 ,11029.00 
10/26/17,,3993.20 ,30.20 ,0.76 ,,,22814.00 ,12544.00 
10/25/17,,3963.00 ,24.00 ,0.61 ,,,22171.00 ,10446.00 
10/24/17,,3939.00 ,20.40 ,0.52 ,,,21118.00 ,10030.00 
10/23/17,,3918.60 ,-5.40 ,-0.14 ,,,20534.00 ,8414.00 
10/20/17,,3924.00 ,-1.40 ,-0.04 ,,,6541.00 ,5817.00 
10/19/17,,3925.40 ,-0.20 ,-0.01 ,,,12359.00 ,8578.00 
10/18/17,,3925.60 ,9.00 ,0.23 ,,,16859.00 ,11200.00 
10/17/17,,3916.60 ,-7.40 ,-0.19 ,,,19955.00 ,10887.00 
10/16/17,,3924.00 ,-5.00 ,-0.13 ,,,22157.00 ,11470.00 
10/13/17,,3929.00 ,18.20 ,0.47 ,,,23327.00 ,9341.00 
10/12/17,,3910.80 ,9.40 ,0.24 ,,,24040.00 ,10739.00 
10/11/17,,3901.40 ,11.80 ,0.30 ,,,25689.00 ,10909.00 
10/10/17,,3889.60 ,-1.20 ,-0.03 ,,,25390.00 ,12489.00 
10/09/17,,3890.80 ,46.60 ,1.21 ,,,24919.00 ,11731.00 
10/06/17,,3844.20 ,0.00 ,0.00 ,,,,
10/05/17,,3844.20 ,0.00 ,0.00 ,,,,
10/04/17,,3844.20 ,0.00 ,0.00 ,,,,
10/03/17,,3844.20 ,0.00 ,0.00 ,,,,
10/02/17,,3844.20 ,0.00 ,0.00 ,,,,
09/29/17,,3844.20 ,16.40 ,0.43 ,,,24710.00 ,10796.00 
09/28/17,,3827.80 ,1.80 ,0.05 ,,,25299.00 ,9640.00 
09/27/17,,3826.00 ,14.80 ,0.39 ,,,25306.00 ,10250.00 
09/26/17,,3811.20 ,1.60 ,0.04 ,,,26247.00 ,10149.00 
09/25/17,,3809.60 ,-17.60 ,-0.46 ,,,25971.00 ,11890.00 
09/22/17,,3827.20 ,-11.80 ,-0.31 ,,,26044.00 ,12829.00 
09/21/17,,3839.00 ,-5.00 ,-0.13 ,,,25959.00 ,12254.00 
09/20/17,,3844.00 ,16.40 ,0.43 ,,,25985.00 ,12350.00 
09/19/17,,3827.60 ,-26.60 ,-0.69 ,,,25124.00 ,14108.00 
09/18/17,,3854.20 ,20.80 ,0.54 ,,,23277.00 ,13320.00 
09/15/17,,3833.40 ,4.80 ,0.13 ,,,7345.00 ,
09/14/17,,3828.60 ,-17.00 ,-0.44 ,,,13983.00 ,10692.00 
09/13/17,,3845.60 ,7.60 ,0.20 ,,,18485.00 ,11716.00 
09/12/17,,3838.00 ,8.40 ,0.22 ,,,22457.00 ,13593.00 
09/11/17,,3829.60 ,10.60 ,0.28 ,,,24698.00 ,13764.00 
09/08/17,,3819.00 ,-17.20 ,-0.45 ,,,26322.00 ,12189.00 
09/07/17,,3836.20 ,-15.00 ,-0.39 ,,,27104.00 ,11916.00 
09/06/17,,3851.20 ,-6.80 ,-0.18 ,,,28187.00 ,12015.00 
09/05/17,,3858.00 ,24.20 ,0.63 ,,,28465.00 ,11445.00 
09/01/17,,3833.80 ,5.80 ,0.15 ,,,29151.00 ,12566.00 
08/31/17,,3828.00 ,-12.80 ,-0.33 ,,,29222.00 ,12382.00 
08/30/17,,3840.80 ,3.80 ,0.10 ,,,29133.00 ,10658.00 
08/29/17,,3837.00 ,-8.00 ,-0.21 ,,,30485.00 ,10903.00 
08/28/17,,3845.00 ,49.40 ,1.30 ,,,31343.00 ,15144.00 
08/25/17,,3795.60 ,72.20 ,1.94 ,,,31160.00 ,15940.00 
08/24/17,,3723.40 ,-22.20 ,-0.59 ,,,31721.00 ,11388.00 
08/23/17,,3745.60 ,18.80 ,0.50 ,,,30743.00 ,12218.00 
08/22/17,,3726.80 ,6.60 ,0.18 ,,,31027.00 ,10315.00 
08/21/17,,3720.20 ,14.20 ,0.38 ,,,30957.00 ,10686.00 
08/18/17,,3706.00 ,-9.20 ,-0.25 ,,,27891.00 ,13425.00 
08/17/17,,3715.20 ,23.00 ,0.62 ,,,11832.00 ,8852.00 
08/16/17,,3692.20 ,4.00 ,0.11 ,,,15347.00 ,10526.00 
08/15/17,,3688.20 ,4.20 ,0.11 ,,,17244.00 ,10890.00 
08/14/17,,3684.00 ,44.00 ,1.21 ,,,19727.00 ,12031.00 
08/11/17,,3640.00 ,-60.00 ,-1.62 ,,,21102.00 ,14449.00 
08/10/17,,3700.00 ,-18.40 ,-0.49 ,,,20521.00 ,14998.00 
08/09/17,,3718.40 ,2.60 ,0.07 ,,,21171.00 ,10907.00 
08/08/17,,3715.80 ,-1.80 ,-0.05 ,,,21422.00 ,10628.00 
08/07/17,,3717.60 ,11.40 ,0.31 ,,,22105.00 ,12410.00 
08/04/17,,3706.20 ,-15.20 ,-0.41 ,,,22067.00 ,12544.00 
08/03/17,,3721.40 ,-30.60 ,-0.82 ,,,22579.00 ,13094.00 
08/02/17,,3752.00 ,9.20 ,0.25 ,,,22218.00 ,12223.00 
08/01/17,,3742.80 ,18.20 ,0.49 ,,,22289.00 ,11942.00 
07/31/17,,3724.60 ,17.80 ,0.48 ,,,22029.00 ,11347.00 
07/28/17,,3706.80 ,12.40 ,0.34 ,,,22503.00 ,11619.00 
07/27/17,,3694.40 ,14.20 ,0.39 ,,,22821.00 ,13168.00 
07/26/17,,3680.20 ,-24.20 ,-0.65 ,,,22344.00 ,14047.00 
07/25/17,,3704.40 ,-31.40 ,-0.84 ,,,22268.00 ,12790.00 
07/24/17,,3735.80 ,-1.50 ,-0.04 ,,,20787.00 ,12829.00 
07/21/17,,3737.30 ,-2.90 ,-0.08 ,,,6100.00 ,
07/20/17,,3740.20 ,24.20 ,0.65 ,,,13085.00 ,10047.00 
07/19/17,,3716.00 ,65.60 ,1.80 ,,,17187.00 ,14792.00 
07/18/17,,3650.40 ,-9.20 ,-0.25 ,,,21061.00 ,14786.00 
07/17/17,,3659.60 ,-30.60 ,-0.83 ,,,21390.00 ,16587.00 
07/14/17,,3690.20 ,17.40 ,0.47 ,,,22643.00 ,12753.00 
07/13/17,,3672.80 ,38.20 ,1.05 ,,,23563.00 ,14609.00 
07/12/17,,3634.60 ,-37.80 ,-1.03 ,,,24684.00 ,16139.00 
07/11/17,,3672.40 ,35.20 ,0.97 ,,,25170.00 ,16206.00 
07/10/17,,3637.20 ,6.80 ,0.19 ,,,25148.00 ,12756.00 
07/07/17,,3630.40 ,-5.60 ,-0.15 ,,,25628.00 ,12237.00 
07/06/17,,3636.00 ,0.40 ,0.01 ,,,25441.00 ,14582.00 
07/05/17,,3635.60 ,7.20 ,0.20 ,,,25353.00 ,14242.00 
07/03/17,,3628.40 ,-19.00 ,-0.52 ,,,26259.00 ,13307.00 
06/30/17,,3647.40 ,2.00 ,0.05 ,,,26729.00 ,12822.00 
06/29/17,,3645.40 ,16.40 ,0.45 ,,,26960.00 ,13717.00 
06/28/17,,3629.00 ,-17.80 ,-0.49 ,,,26504.00 ,13648.00 
06/27/17,,3646.80 ,5.40 ,0.15 ,,,27127.00 ,13273.00 
06/26/17,,3641.40 ,59.40 ,1.66 ,,,26907.00 ,15596.00 
06/23/17,,3582.00 ,5.80 ,0.16 ,,,26878.00 ,17224.00 
06/22/17,,3576.20 ,30.40 ,0.86 ,,,26243.00 ,17959.00 
06/21/17,,3545.80 ,27.00 ,0.77 ,,,25333.00 ,15813.00 
06/20/17,,3518.80 ,-4.00 ,-0.11 ,,,25766.00 ,12735.00 
06/19/17,,3522.80 ,28.80 ,0.82 ,,,24123.00 ,14329.00 
06/16/17,,3494.00 ,-32.20 ,-0.91 ,,,21487.00 ,12379.00 
06/15/17,,3526.20 ,-8.80 ,-0.25 ,,,14532.00 ,11443.00 
06/14/17,,3535.00 ,-44.40 ,-1.24 ,,,19365.00 ,12903.00 
06/13/17,,3579.40 ,13.20 ,0.37 ,,,22221.00 ,13392.00 
06/12/17,,3566.20 ,-6.80 ,-0.19 ,,,24883.00 ,13594.00 
06/09/17,,3573.00 ,17.20 ,0.48 ,,,26121.00 ,13058.00 
06/08/17,,3555.80 ,26.60 ,0.75 ,,,27522.00 ,13699.00 
06/07/17,,3529.20 ,53.40 ,1.54 ,,,28032.00 ,15078.00 
06/06/17,,3475.80 ,13.40 ,0.39 ,,,28243.00 ,12558.00 
06/05/17,,3462.40 ,-22.40 ,-0.64 ,,,29432.00 ,12122.00 
06/02/17,,3484.80 ,-3.80 ,-0.11 ,,,29905.00 ,13699.00 
06/01/17,,3488.60 ,9.40 ,0.27 ,,,30747.00 ,12816.00 
05/31/17,,3479.20 ,3.80 ,0.11 ,,,31064.00 ,14231.00 
05/30/17,,3475.40 ,0.00 ,0.00 ,,,,
05/26/17,,3475.40 ,-3.80 ,-0.11 ,,,32817.00 ,13469.00 
05/25/17,,3479.20 ,79.60 ,2.34 ,,,32595.00 ,19227.00 
05/24/17,,3399.60 ,2.20 ,0.06 ,,,33506.00 ,16750.00 
05/23/17,,3397.40 ,18.20 ,0.54 ,,,34204.00 ,17974.00 
05/22/17,,3379.20 ,-0.20 ,-0.01 ,,,32944.00 ,15003.00 
05/19/17,,3379.40 ,-14.40 ,-0.42 ,,,31248.00 ,12395.00 
05/18/17,,3393.80 ,-19.20 ,-0.56 ,,,10753.00 ,8347.00 
05/17/17,,3413.00 ,-4.40 ,-0.13 ,,,16036.00 ,10711.00 
05/16/17,,3417.40 ,30.20 ,0.89 ,,,19631.00 ,14494.00 
05/15/17,,3387.20 ,22.60 ,0.67 ,,,22196.00 ,12135.00 
05/12/17,,3364.60 ,24.00 ,0.72 ,,,24629.00 ,14561.00 
05/11/17,,3340.60 ,6.20 ,0.19 ,,,24886.00 ,15477.00 
05/10/17,,3334.40 ,-8.60 ,-0.26 ,,,25514.00 ,13822.00 
05/09/17,,3343.00 ,-5.80 ,-0.17 ,,,26135.00 ,14041.00 
05/08/17,,3348.80 ,-14.00 ,-0.42 ,,,26821.00 ,14202.00 
05/05/17,,3362.80 ,-27.20 ,-0.80 ,,,26653.00 ,14100.00 
05/04/17,,3390.00 ,-6.20 ,-0.18 ,,,26960.00 ,13859.00 
05/03/17,,3396.20 ,-11.40 ,-0.33 ,,,26510.00 ,12320.00 
05/02/17,,3407.60 ,-10.20 ,-0.30 ,,,26609.00 ,10671.00 
05/01/17,,3417.80 ,0.00 ,0.00 ,,,,
04/28/17,,3417.80 ,-10.40 ,-0.30 ,,,27298.00 ,12840.00 
04/27/17,,3428.20 ,-5.20 ,-0.15 ,,,26765.00 ,16466.00 
04/26/17,,3433.40 ,9.60 ,0.28 ,,,26365.00 ,14130.00 
04/25/17,,3423.80 ,12.00 ,0.35 ,,,27859.00 ,13559.00 
04/24/17,,3411.80 ,-26.80 ,-0.78 ,,,26774.00 ,16700.00 
04/21/17,,3438.60 ,-16.60 ,-0.48 ,,,23419.00 ,14686.00 
04/20/17,,3455.20 ,13.00 ,0.38 ,,,13597.00 ,10235.00 
04/19/17,,3442.20 ,-28.80 ,-0.83 ,,,19123.00 ,15082.00 
04/18/17,,3471.00 ,2.20 ,0.06 ,,,23751.00 ,13572.00 
04/17/17,,3468.80 ,-40.80 ,-1.16 ,,,27310.00 ,15781.00 
04/13/17,,3509.60 ,11.80 ,0.34 ,,,29036.00 ,12549.00 
04/12/17,,3497.80 ,-1.20 ,-0.03 ,,,31071.00 ,14280.00 
04/11/17,,3499.00 ,-4.00 ,-0.11 ,,,30311.00 ,16548.00 
04/10/17,,3503.00 ,-7.80 ,-0.22 ,,,31488.00 ,10484.00 
04/07/17,,3510.80 ,7.40 ,0.21 ,,,31699.00 ,13559.00 
04/06/17,,3503.40 ,-1.80 ,-0.05 ,,,32358.00 ,13606.00 
04/05/17,,3505.20 ,58.80 ,1.71 ,,,32783.00 ,16966.00 
04/04/17,,3446.40 ,0.00 ,0.00 ,,,,
04/03/17,,3446.40 ,0.00 ,0.00 ,,,,
03/31/17,,3446.40 ,15.60 ,0.45 ,,,34416.00 ,13610.00 
03/30/17,,3430.80 ,-28.20 ,-0.82 ,,,35399.00 ,18073.00 
03/29/17,,3459.00 ,0.80 ,0.02 ,,,35060.00 ,15005.00 
03/28/17,,3458.20 ,-6.60 ,-0.19 ,,,35006.00 ,13020.00 
03/27/17,,3464.80 ,-12.20 ,-0.35 ,,,35795.00 ,14595.00 
03/24/17,,3477.00 ,47.40 ,1.38 ,,,35794.00 ,17054.00 
03/23/17,,3429.60 ,9.60 ,0.28 ,,,34814.00 ,17346.00 
03/22/17,,3420.00 ,-7.20 ,-0.21 ,,,34603.00 ,15137.00 
03/21/17,,3427.20 ,12.00 ,0.35 ,,,33285.00 ,14060.00 
03/20/17,,3415.20 ,-6.60 ,-0.19 ,,,32737.00 ,13051.00 
03/17/17,,3421.80 ,-55.60 ,-1.60 ,,,28885.00 ,16559.00 
03/16/17,,3477.40 ,26.00 ,0.75 ,,,15482.00 ,11259.00 
03/15/17,,3451.40 ,6.80 ,0.20 ,,,21471.00 ,13454.00 
03/14/17,,3444.60 ,-4.40 ,-0.13 ,,,25685.00 ,11545.00 
03/13/17,,3449.00 ,39.80 ,1.17 ,,,28809.00 ,16304.00 
03/10/17,,3409.20 ,5.40 ,0.16 ,,,31918.00 ,12514.00 
03/09/17,,3403.80 ,-24.80 ,-0.72 ,,,33256.00 ,15795.00 
03/08/17,,3428.60 ,0.20 ,0.01 ,,,34150.00 ,11551.00 
03/07/17,,3428.40 ,7.00 ,0.20 ,,,36103.00 ,11863.00 
03/06/17,,3421.40 ,16.60 ,0.49 ,,,37064.00 ,14571.00 
03/03/17,,3404.80 ,-15.80 ,-0.46 ,,,37329.00 ,14394.00 
03/02/17,,3420.60 ,-18.00 ,-0.52 ,,,37779.00 ,14706.00 
03/01/17,,3438.60 ,10.80 ,0.32 ,,,37328.00 ,15034.00 
02/28/17,,3427.80 ,1.40 ,0.04 ,,,37542.00 ,13489.00 
02/27/17,,3426.40 ,-24.20 ,-0.70 ,,,37553.00 ,13212.00 
02/24/17,,3450.60 ,2.80 ,0.08 ,,,37780.00 ,12742.00 
02/23/17,,3447.80 ,-15.60 ,-0.45 ,,,37941.00 ,14452.00 
02/22/17,,3463.40 ,3.60 ,0.10 ,,,37873.00 ,13003.00 
02/21/17,,3459.80 ,61.40 ,1.81 ,,,37926.00 ,15502.00 
02/17/17,,3398.40 ,-29.60 ,-0.86 ,,,28570.00 ,11628.00 
02/16/17,,3428.00 ,9.20 ,0.27 ,,,9226.00 ,5645.00 
02/15/17,,3418.80 ,-0.40 ,-0.01 ,,,12759.00 ,7679.00 
02/14/17,,3419.20 ,1.00 ,0.03 ,,,15562.00 ,7010.00 
02/13/17,,3418.20 ,19.80 ,0.58 ,,,18387.00 ,8678.00 
02/10/17,,3398.40 ,17.20 ,0.51 ,,,19503.00 ,8802.00 
02/09/17,,3381.20 ,16.40 ,0.49 ,,,20500.00 ,8169.00 
02/08/17,,3364.80 ,20.80 ,0.62 ,,,21105.00 ,8905.00 
02/07/17,,3344.00 ,-7.60 ,-0.23 ,,,21477.00 ,7257.00 
02/06/17,,3351.60 ,-1.60 ,-0.05 ,,,21929.00 ,7671.00 
02/03/17,,3353.20 ,-27.20 ,-0.80 ,,,21579.00 ,6655.00 
02/02/17,,3380.40 ,0.00 ,0.00 ,,,,
02/01/17,,3380.40 ,0.00 ,0.00 ,,,,
01/31/17,,3380.40 ,0.00 ,0.00 ,,,,
01/30/17,,3380.40 ,0.00 ,0.00 ,,,,
01/27/17,,3380.40 ,0.00 ,0.00 ,,,,
01/26/17,,3380.40 ,16.60 ,0.49 ,,,21779.00 ,6096.00 
01/25/17,,3363.80 ,12.20 ,0.36 ,,,21848.00 ,6715.00 
01/24/17,,3351.60 ,-0.40 ,-0.01 ,,,22485.00 ,6796.00 
01/23/17,,3352.00 ,2.60 ,0.08 ,,,22190.00 ,7862.00 
01/20/17,,3349.40 ,20.40 ,0.61 ,,,19719.00 ,9525.00 
01/19/17,,3329.00 ,-14.00 ,-0.42 ,,,11646.00 ,7728.00 
01/18/17,,3343.00 ,24.80 ,0.75 ,,,16255.00 ,9632.00 
01/17/17,,3318.20 ,5.20 ,0.16 ,,,20980.00 ,10767.00 
01/13/17,,3313.00 ,3.00 ,0.09 ,,,24971.00 ,9409.00 
01/12/17,,3310.00 ,-18.60 ,-0.56 ,,,26052.00 ,8714.00 
01/11/17,,3328.60 ,-21.00 ,-0.63 ,,,26497.00 ,9173.00 
01/10/17,,3349.60 ,-2.80 ,-0.08 ,,,27021.00 ,7408.00 
01/09/17,,3352.40 ,13.80 ,0.41 ,,,27071.00 ,7780.00 
01/06/17,,3338.60 ,-14.20 ,-0.42 ,,,27281.00 ,7331.00 
01/05/17,,3352.80 ,-4.40 ,-0.13 ,,,27247.00 ,7689.00 
01/04/17,,3357.20 ,30.20 ,0.91 ,,,27863.00 ,9213.00 
01/03/17,,3327.00 ,35.00 ,1.06 ,,,27570.00 ,9339.00 
12/30/16,,3292.00 ,2.40 ,0.07 ,,,27964.00 ,8283.00 
12/29/16,,3289.60 ,12.20 ,0.37 ,,,28054.00 ,8831.00 
12/28/16,,3277.40 ,-14.40 ,-0.44 ,,,28093.00 ,7355.00 
12/27/16,,3291.80 ,20.60 ,0.63 ,,,28626.00 ,7206.00 
12/23/16,,3271.20 ,-29.60 ,-0.90 ,,,28026.00 ,8272.00 
12/22/16,,3300.80 ,-3.80 ,-0.11 ,,,28111.00 ,7730.00 
12/21/16,,3304.60 ,42.00 ,1.29 ,,,28100.00 ,9529.00 
12/20/16,,3262.60 ,-35.00 ,-1.06 ,,,27302.00 ,9340.00 
12/19/16,,3297.60 ,-18.40 ,-0.55 ,,,26793.00 ,7423.00 
12/16/16,,3316.00 ,-11.60 ,-0.35 ,,,24071.00 ,9490.00 
12/15/16,,3327.60 ,-58.00 ,-1.71 ,,,10451.00 ,8000.00 
12/14/16,,3385.60 ,-13.80 ,-0.41 ,,,15878.00 ,10019.00 
12/13/16,,3399.40 ,3.60 ,0.11 ,,,20282.00 ,11052.00 
12/12/16,,3395.80 ,-81.60 ,-2.35 ,,,23644.00 ,12652.00 
12/09/16,,3477.40 ,17.00 ,0.49 ,,,24825.00 ,10953.00 
12/08/16,,3460.40 ,1.00 ,0.03 ,,,26297.00 ,8869.00 
12/07/16,,3459.40 ,0.40 ,0.01 ,,,28108.00 ,9833.00 
12/06/16,,3459.00 ,-2.00 ,-0.06 ,,,29872.00 ,9722.00 
12/05/16,,3461.00 ,-66.20 ,-1.88 ,,,31242.00 ,12081.00 
12/02/16,,3527.20 ,-32.40 ,-0.91 ,,,32099.00 ,11119.00 
12/01/16,,3559.60 ,24.00 ,0.68 ,,,32538.00 ,11232.00 
11/30/16,,3535.60 ,-27.20 ,-0.76 ,,,34310.00 ,12373.00 
11/29/16,,3562.80 ,31.00 ,0.88 ,,,34874.00 ,12071.00 
11/28/16,,3531.80 ,35.40 ,1.01 ,,,35486.00 ,9956.00 
11/25/16,,3496.40 ,42.40 ,1.23 ,,,35704.00 ,10461.00 
11/23/16,,3454.00 ,11.20 ,0.33 ,,,36529.00 ,10452.00 
11/22/16,,3442.80 ,33.60 ,0.99 ,,,36986.00 ,9954.00 
11/21/16,,3409.20 ,14.80 ,0.44 ,,,35338.00 ,10971.00 
11/18/16,,3394.40 ,-31.60 ,-0.92 ,,,32812.00 ,9630.00 
11/17/16,,3426.00 ,1.20 ,0.04 ,,,11005.00 ,7231.00 
11/16/16,,3424.80 ,5.20 ,0.15 ,,,16301.00 ,8703.00 
11/15/16,,3419.60 ,1.00 ,0.03 ,,,20750.00 ,9841.00 
11/14/16,,3418.60 ,6.40 ,0.19 ,,,23491.00 ,10933.00 
11/11/16,,3412.20 ,30.20 ,0.89 ,,,24528.00 ,10335.00 
11/10/16,,3382.00 ,37.00 ,1.11 ,,,25641.00 ,9322.00 
11/09/16,,3345.00 ,-17.00 ,-0.51 ,,,25996.00 ,11623.00 
11/08/16,,3362.00 ,17.60 ,0.53 ,,,26042.00 ,8667.00 
11/07/16,,3344.40 ,3.00 ,0.09 ,,,26299.00 ,7726.00 
11/04/16,,3341.40 ,-14.40 ,-0.43 ,,,27804.00 ,8896.00 
11/03/16,,3355.80 ,35.40 ,1.07 ,,,26623.00 ,11000.00 
11/02/16,,3320.40 ,-19.00 ,-0.57 ,,,27055.00 ,8048.00 
11/01/16,,3339.40 ,21.40 ,0.64 ,,,27324.00 ,8391.00 
10/31/16,,3318.00 ,-7.40 ,-0.22 ,,,28027.00 ,8789.00 
10/28/16,,3325.40 ,3.40 ,0.10 ,,,27617.00 ,10221.00 
10/27/16,,3322.00 ,-9.40 ,-0.28 ,,,27450.00 ,8062.00 
10/26/16,,3331.40 ,-8.20 ,-0.25 ,,,27438.00 ,7995.00 
10/25/16,,3339.60 ,-6.20 ,-0.19 ,,,27906.00 ,7215.00 
10/24/16,,3345.80 ,48.80 ,1.48 ,,,26892.00 ,10891.00 
10/21/16,,3297.00 ,-23.20 ,-0.70 ,,,23083.00 ,11285.00 
10/20/16,,3320.20 ,7.20 ,0.22 ,,,11501.00 ,7751.00 
10/19/16,,3313.00 ,-1.80 ,-0.05 ,,,16950.00 ,9822.00 
10/18/16,,3314.80 ,37.20 ,1.13 ,,,21683.00 ,12333.00 
10/17/16,,3277.60 ,-15.60 ,-0.47 ,,,25045.00 ,10665.00 
10/14/16,,3293.20 ,2.40 ,0.07 ,,,26964.00 ,9586.00 
10/13/16,,3290.80 ,4.80 ,0.15 ,,,27442.00 ,8419.00 
10/12/16,,3286.00 ,-7.80 ,-0.24 ,,,28022.00 ,6935.00 
10/11/16,,3293.80 ,7.80 ,0.24 ,,,29007.00 ,8410.00 
10/10/16,,3286.00 ,38.60 ,1.19 ,,,28841.00 ,10644.00 
10/07/16,,3247.40 ,0.00 ,0.00 ,,,,
10/06/16,,3247.40 ,0.00 ,0.00 ,,,,
10/05/16,,3247.40 ,0.00 ,0.00 ,,,,
10/04/16,,3247.40 ,0.00 ,0.00 ,,,,
10/03/16,,3247.40 ,0.00 ,0.00 ,,,,
09/30/16,,3247.40 ,7.20 ,0.22 ,,,29772.00 ,7931.00 
09/29/16,,3240.20 ,21.00 ,0.65 ,,,29767.00 ,9394.00 
09/28/16,,3219.20 ,0.60 ,0.02 ,,,30272.00 ,7502.00 
09/27/16,,3218.60 ,3.80 ,0.12 ,,,30879.00 ,10789.00 
09/26/16,,3214.80 ,-36.20 ,-1.11 ,,,30311.00 ,9949.00 
09/23/16,,3251.00 ,-8.80 ,-0.27 ,,,30349.00 ,8040.00 
09/22/16,,3259.80 ,28.00 ,0.87 ,,,29528.00 ,10550.00 
09/21/16,,3231.80 ,19.40 ,0.60 ,,,28929.00 ,9348.00 
09/20/16,,3212.40 ,0.00 ,0.00 ,,,28051.00 ,7777.00 
09/19/16,,3212.40 ,-26.00 ,-0.80 ,,,25303.00 ,10049.00 
09/16/16,,3238.40 ,0.00 ,0.00 ,,,,
09/15/16,,3238.40 ,0.00 ,0.00 ,,,,
09/14/16,,3238.40 ,-9.20 ,-0.28 ,,,14220.00 ,8713.00 
09/13/16,,3247.60 ,10.60 ,0.33 ,,,21263.00 ,12019.00 
09/12/16,,3237.00 ,-78.20 ,-2.36 ,,,28065.00 ,16786.00 
09/09/16,,3315.20 ,-7.80 ,-0.23 ,,,31613.00 ,12732.00 
09/08/16,,3323.00 ,-6.80 ,-0.20 ,,,33860.00 ,10597.00 
09/07/16,,3329.80 ,4.00 ,0.12 ,,,35802.00 ,11112.00 
09/06/16,,3325.80 ,36.40 ,1.11 ,,,36730.00 ,14441.00 
09/02/16,,3289.40 ,2.00 ,0.06 ,,,37722.00 ,11612.00 
09/01/16,,3287.40 ,-18.20 ,-0.55 ,,,38166.00 ,11261.00 
08/31/16,,3305.60 ,17.80 ,0.54 ,,,39423.00 ,13164.00 
08/30/16,,3287.80 ,8.00 ,0.24 ,,,39477.00 ,11574.00 
08/29/16,,3279.80 ,-2.60 ,-0.08 ,,,39885.00 ,10526.00 
08/26/16,,3282.40 ,3.00 ,0.09 ,,,39932.00 ,11968.00 
08/25/16,,3279.40 ,-23.00 ,-0.70 ,,,39779.00 ,12694.00 
08/24/16,,3302.40 ,-8.80 ,-0.27 ,,,40244.00 ,11716.00 
08/23/16,,3311.20 ,-6.60 ,-0.20 ,,,39552.00 ,12959.00 
08/22/16,,3317.80 ,-16.20 ,-0.49 ,,,39407.00 ,11748.00 
08/19/16,,3334.00 ,-26.00 ,-0.77 ,,,35865.00 ,12783.00 
08/18/16,,3360.00 ,-12.20 ,-0.36 ,,,10954.00 ,7863.00 
08/17/16,,3372.20 ,-7.00 ,-0.21 ,,,16812.00 ,11012.00 
08/16/16,,3379.20 ,-15.60 ,-0.46 ,,,22158.00 ,13177.00 
08/15/16,,3394.80 ,117.60 ,3.59 ,,,26219.00 ,15851.00 
08/12/16,,3277.20 ,39.60 ,1.22 ,,,27821.00 ,12973.00 
08/11/16,,3237.60 ,2.00 ,0.06 ,,,28266.00 ,12119.00 
08/10/16,,3235.60 ,-3.40 ,-0.10 ,,,29372.00 ,8585.00 
08/09/16,,3239.00 ,22.40 ,0.70 ,,,30029.00 ,10838.00 
08/08/16,,3216.60 ,25.20 ,0.79 ,,,30331.00 ,11751.00 
08/05/16,,3191.40 ,19.80 ,0.62 ,,,30489.00 ,10937.00 
08/04/16,,3171.60 ,6.60 ,0.21 ,,,31075.00 ,10262.00 
08/03/16,,3165.00 ,2.80 ,0.09 ,,,31524.00 ,10500.00 
08/02/16,,3162.20 ,3.60 ,0.11 ,,,32058.00 ,9146.00 
08/01/16,,3158.60 ,-26.00 ,-0.82 ,,,31898.00 ,12001.00 
07/29/16,,3184.60 ,-8.80 ,-0.28 ,,,32253.00 ,10977.00 
07/28/16,,3193.40 ,33.40 ,1.06 ,,,32520.00 ,13906.00 
07/27/16,,3160.00 ,-79.00 ,-2.44 ,,,33150.00 ,17238.00 
07/26/16,,3239.00 ,39.60 ,1.24 ,,,32209.00 ,11772.00 
07/25/16,,3199.40 ,1.60 ,0.05 ,,,32301.00 ,10376.00 
07/22/16,,3197.80 ,-22.80 ,-0.71 ,,,31940.00 ,11866.00 
07/21/16,,3220.60 ,17.60 ,0.55 ,,,30446.00 ,12599.00 
07/20/16,,3203.00 ,-0.40 ,-0.01 ,,,30744.00 ,9911.00 
07/19/16,,3203.40 ,-26.40 ,-0.82 ,,,29814.00 ,12293.00 
07/18/16,,3229.80 ,-13.40 ,-0.41 ,,,28282.00 ,10930.00 
07/15/16,,3243.20 ,-21.80 ,-0.67 ,,,24623.00 ,11061.00 
07/14/16,,3265.00 ,-10.20 ,-0.31 ,,,13215.00 ,9375.00 
07/13/16,,3275.20 ,22.80 ,0.70 ,,,19653.00 ,13812.00 
07/12/16,,3252.40 ,55.40 ,1.73 ,,,23741.00 ,15305.00 
07/11/16,,3197.00 ,19.80 ,0.62 ,,,26629.00 ,15212.00 
07/08/16,,3177.20 ,-6.00 ,-0.19 ,,,28845.00 ,11560.00 
07/07/16,,3183.20 ,5.40 ,0.17 ,,,30189.00 ,12262.00 
07/06/16,,3177.80 ,3.80 ,0.12 ,,,30999.00 ,12261.00 
07/05/16,,3174.00 ,61.40 ,1.97 ,,,31850.00 ,10359.00 
07/01/16,,3112.60 ,-0.80 ,-0.03 ,,,30159.00 ,10794.00 
06/30/16,,3113.40 ,12.00 ,0.39 ,,,30627.00 ,9920.00 
06/29/16,,3101.40 ,16.80 ,0.54 ,,,30846.00 ,11917.00 
06/28/16,,3084.60 ,11.80 ,0.38 ,,,30684.00 ,12662.00 
06/27/16,,3072.80 ,44.00 ,1.45 ,,,31444.00 ,13704.00 
06/24/16,,3028.80 ,-29.60 ,-0.97 ,,,29282.00 ,17436.00 
06/23/16,,3058.40 ,-11.00 ,-0.36 ,,,29340.00 ,12182.00 
06/22/16,,3069.40 ,27.40 ,0.90 ,,,29463.00 ,12581.00 
06/21/16,,3042.00 ,-5.60 ,-0.18 ,,,27835.00 ,14903.00 
06/20/16,,3047.60 ,-64.70 ,-2.08 ,,,27151.00 ,12478.00 
06/17/16,,3112.30 ,25.50 ,0.83 ,,,7889.00 ,6610.00 
06/16/16,,3086.80 ,31.80 ,1.04 ,,,20487.00 ,9782.00 
06/15/16,,3055.00 ,0.00 ,0.00 ,,,,
06/14/16,,3055.00 ,-17.60 ,-0.57 ,,,25919.00 ,15262.00 
06/13/16,,3072.60 ,-78.40 ,-2.49 ,,,28926.00 ,15138.00 
06/10/16,,3151.00 ,0.00 ,0.00 ,,,,
06/09/16,,3151.00 ,0.00 ,0.00 ,,,,
06/08/16,,3151.00 ,-7.20 ,-0.23 ,,,30794.00 ,11858.00 
06/07/16,,3158.20 ,1.40 ,0.04 ,,,32375.00 ,10101.00 
06/06/16,,3156.80 ,-16.80 ,-0.53 ,,,34317.00 ,12282.00 
06/03/16,,3173.60 ,40.60 ,1.30 ,,,33751.00 ,14543.00 
06/02/16,,3133.00 ,-2.80 ,-0.09 ,,,34309.00 ,10165.00 
06/01/16,,3135.80 ,-7.00 ,-0.22 ,,,36012.00 ,13754.00 
05/31/16,,3142.80 ,109.60 ,3.61 ,,,35181.00 ,21142.00 
05/27/16,,3033.20 ,11.40 ,0.38 ,,,36054.00 ,12231.00 
05/26/16,,3021.80 ,-2.40 ,-0.08 ,,,35442.00 ,15660.00 
05/25/16,,3024.20 ,-0.40 ,-0.01 ,,,34933.00 ,13523.00 
05/24/16,,3024.60 ,-19.60 ,-0.64 ,,,34928.00 ,13615.00 
05/23/16,,3044.20 ,7.20 ,0.24 ,,,34992.00 ,13310.00 
05/20/16,,3037.00 ,-23.20 ,-0.76 ,,,31010.00 ,15268.00 
05/19/16,,3060.20 ,11.40 ,0.37 ,,,12735.00 ,9457.00 
05/18/16,,3048.80 ,-37.40 ,-1.21 ,,,18111.00 ,13272.00 
05/17/16,,3086.20 ,8.60 ,0.28 ,,,22116.00 ,14128.00 
05/16/16,,3077.60 ,15.20 ,0.50 ,,,24758.00 ,14047.00 
05/13/16,,3062.40 ,-4.60 ,-0.15 ,,,26587.00 ,12852.00 
05/12/16,,3067.00 ,6.40 ,0.21 ,,,27133.00 ,15299.00 
05/11/16,,3060.60 ,18.60 ,0.61 ,,,28135.00 ,14667.00 
05/10/16,,3042.00 ,2.00 ,0.07 ,,,29286.00 ,13761.00 
05/09/16,,3040.00 ,-78.00 ,-2.50 ,,,31071.00 ,16087.00 
05/06/16,,3118.00 ,-68.20 ,-2.14 ,,,31133.00 ,16948.00 
05/05/16,,3186.20 ,-1.20 ,-0.04 ,,,31414.00 ,12058.00 
05/04/16,,3187.40 ,1.40 ,0.04 ,,,32682.00 ,13064.00 
05/03/16,,3186.00 ,54.80 ,1.75 ,,,31456.00 ,17112.00 
05/02/16,,3131.20 ,0.00 ,0.00 ,,,,
04/29/16,,3131.20 ,11.40 ,0.37 ,,,32629.00 ,13294.00 
04/28/16,,3119.80 ,-6.60 ,-0.21 ,,,31568.00 ,15287.00 
04/27/16,,3126.40 ,-4.60 ,-0.15 ,,,31839.00 ,14153.00 
04/26/16,,3131.00 ,7.40 ,0.24 ,,,31796.00 ,15821.00 
04/25/16,,3123.60 ,-14.40 ,-0.46 ,,,32165.00 ,15420.00 
04/22/16,,3138.00 ,0.60 ,0.02 ,,,32816.00 ,15358.00 
04/21/16,,3137.40 ,27.20 ,0.87 ,,,32793.00 ,18879.00 
04/20/16,,3110.20 ,-81.00 ,-2.54 ,,,31416.00 ,22139.00 
04/19/16,,3191.20 ,-1.40 ,-0.04 ,,,31001.00 ,15275.00 
04/18/16,,3192.60 ,-78.00 ,-2.38 ,,,29583.00 ,15722.00 
04/15/16,,3270.60 ,3.40 ,0.10 ,,,8994.00 ,7579.00 
04/14/16,,3267.20 ,-5.00 ,-0.15 ,,,17754.00 ,12552.00 
04/13/16,,3272.20 ,70.60 ,2.21 ,,,24317.00 ,19544.00 
04/12/16,,3201.60 ,-20.60 ,-0.64 ,,,29580.00 ,17834.00 
04/11/16,,3222.20 ,58.20 ,1.84 ,,,32868.00 ,19938.00 
04/08/16,,3164.00 ,-44.80 ,-1.40 ,,,34835.00 ,18299.00 
04/07/16,,3208.80 ,-26.60 ,-0.82 ,,,35149.00 ,18429.00 
04/06/16,,3235.40 ,-8.20 ,-0.25 ,,,35953.00 ,14521.00 
04/05/16,,3243.60 ,54.20 ,1.70 ,,,34992.00 ,19764.00 
04/04/16,,3189.40 ,0.00 ,0.00 ,,,,
04/01/16,,3189.40 ,-3.00 ,-0.09 ,,,34448.00 ,19905.00 
03/31/16,,3192.40 ,7.20 ,0.23 ,,,34696.00 ,18153.00 
03/30/16,,3185.20 ,82.80 ,2.67 ,,,34524.00 ,19986.00 
03/29/16,,3102.40 ,-38.40 ,-1.22 ,,,34930.00 ,18588.00 
03/28/16,,3140.80 ,-13.80 ,-0.44 ,,,34305.00 ,18261.00 
03/24/16,,3154.60 ,-35.60 ,-1.12 ,,,34932.00 ,19095.00 
03/23/16,,3190.20 ,-11.60 ,-0.36 ,,,34343.00 ,17323.00 
03/22/16,,3201.80 ,-6.80 ,-0.21 ,,,33803.00 ,16594.00 
03/21/16,,3208.60 ,31.50 ,0.99 ,,,31003.00 ,20669.00 
03/18/16,,3177.10 ,48.30 ,1.54 ,,,9399.00 ,7121.00 
03/17/16,,3128.80 ,60.00 ,1.96 ,,,17790.00 ,14253.00 
03/16/16,,3068.80 ,24.00 ,0.79 ,,,23164.00 ,17534.00 
03/15/16,,3044.80 ,-13.60 ,-0.44 ,,,27858.00 ,18995.00 
03/14/16,,3058.40 ,73.20 ,2.45 ,,,30618.00 ,21773.00 
03/11/16,,2985.20 ,-21.80 ,-0.72 ,,,32584.00 ,19754.00 
03/10/16,,3007.00 ,-13.40 ,-0.44 ,,,33841.00 ,19317.00 
03/09/16,,3020.40 ,-38.40 ,-1.26 ,,,35263.00 ,19523.00 
03/08/16,,3058.80 ,-9.40 ,-0.31 ,,,36127.00 ,22774.00 
03/07/16,,3068.20 ,20.20 ,0.66 ,,,36766.00 ,21358.00 
03/04/16,,3048.00 ,39.00 ,1.30 ,,,37040.00 ,23353.00 
03/03/16,,3009.00 ,6.80 ,0.23 ,,,38725.00 ,20460.00 
03/02/16,,3002.20 ,130.20 ,4.53 ,,,37993.00 ,24454.00 
03/01/16,,2872.00 ,89.60 ,3.22 ,,,38393.00 ,23348.00 
02/29/16,,2782.40 ,-107.40 ,-3.72 ,,,37572.00 ,22702.00 
02/26/16,,2889.80 ,14.20 ,0.49 ,,,37659.00 ,20746.00 
02/25/16,,2875.60 ,-142.40 ,-4.72 ,,,36531.00 ,23938.00 
02/24/16,,3018.00 ,11.60 ,0.39 ,,,35773.00 ,20368.00 
02/23/16,,3006.40 ,-35.20 ,-1.16 ,,,35752.00 ,18091.00 
02/22/16,,3041.60 ,58.60 ,1.96 ,,,33822.00 ,18228.00 
02/19/16,,2983.00 ,-71.00 ,-2.32 ,,,29275.00 ,16554.00 
02/18/16,,3054.00 ,14.00 ,0.46 ,,,12672.00 ,9069.00 
02/17/16,,3040.00 ,19.00 ,0.63 ,,,17236.00 ,12780.00 
02/16/16,,3021.00 ,72.40 ,2.46 ,,,20497.00 ,15217.00 
02/12/16,,2948.60 ,0.00 ,0.00 ,,,,
02/11/16,,2948.60 ,0.00 ,0.00 ,,,,
02/10/16,,2948.60 ,0.00 ,0.00 ,,,,
02/09/16,,2948.60 ,0.00 ,0.00 ,,,,
02/08/16,,2948.60 ,0.00 ,0.00 ,,,,
02/05/16,,2948.60 ,-20.20 ,-0.68 ,,,24933.00 ,12402.00 
02/04/16,,2968.80 ,42.40 ,1.45 ,,,25505.00 ,17349.00 
02/03/16,,2926.40 ,-12.60 ,-0.43 ,,,26011.00 ,17007.00 
02/02/16,,2939.00 ,72.20 ,2.52 ,,,26398.00 ,18148.00 
02/01/16,,2866.80 ,-51.80 ,-1.77 ,,,27511.00 ,17230.00 
01/29/16,,2918.60 ,76.60 ,2.70 ,,,28281.00 ,20277.00 
01/28/16,,2842.00 ,-27.00 ,-0.94 ,,,28533.00 ,17931.00 
01/27/16,,2869.00 ,-45.80 ,-1.57 ,,,27510.00 ,21999.00 
01/26/16,,2914.80 ,-126.80 ,-4.17 ,,,26512.00 ,18918.00 
01/25/16,,3041.60 ,-0.60 ,-0.02 ,,,26463.00 ,15013.00 
01/22/16,,3042.20 ,15.00 ,0.50 ,,,26016.00 ,19068.00 
01/21/16,,3027.20 ,-51.00 ,-1.66 ,,,25028.00 ,20056.00 
01/20/16,,3078.20 ,-63.40 ,-2.02 ,,,24760.00 ,18141.00 
01/19/16,,3141.60 ,7.90 ,0.25 ,,,23770.00 ,18741.00 
01/15/16,,3133.70 ,-66.10 ,-2.07 ,,,9564.00 ,8599.00 
01/14/16,,3199.80 ,30.80 ,0.97 ,,,17553.00 ,16415.00 
01/13/16,,3169.00 ,-29.60 ,-0.93 ,,,22218.00 ,18514.00 
01/12/16,,3198.60 ,-6.20 ,-0.19 ,,,25749.00 ,18644.00 
01/11/16,,3204.80 ,-131.60 ,-3.94 ,,,27917.00 ,20436.00 
01/08/16,,3336.40 ,-21.00 ,-0.63 ,,,26483.00 ,19258.00 
01/07/16,,3357.40 ,-124.80 ,-3.58 ,,,28437.00 ,4727.00 
01/06/16,,3482.20 ,86.80 ,2.56 ,,,30025.00 ,17110.00 
01/05/16,,3395.40 ,-102.60 ,-2.93 ,,,27612.00 ,18526.00 
01/04/16,,3498.00 ,-174.80 ,-4.76 ,,,29113.00 ,12513.00 
12/31/15,,3672.80 ,-28.00 ,-0.76 ,,,29288.00 ,13942.00 
12/30/15,,3700.80 ,-1.00 ,-0.03 ,,,29293.00 ,13244.00 
12/29/15,,3701.80 ,28.80 ,0.78 ,,,28222.00 ,14092.00 
12/28/15,,3673.00 ,-102.80 ,-2.72 ,,,28638.00 ,15233.00 
12/24/15,,3775.80 ,-45.20 ,-1.18 ,,,28579.00 ,15078.00 
12/23/15,,3821.00 ,13.20 ,0.35 ,,,27558.00 ,15306.00 
12/22/15,,3807.80 ,3.20 ,0.08 ,,,27544.00 ,13209.00 
12/21/15,,3804.60 ,32.00 ,0.85 ,,,25664.00 ,14845.00 
12/18/15,,3772.60 ,29.60 ,0.79 ,,,8256.00 ,6930.00 
12/17/15,,3743.00 ,63.40 ,1.72 ,,,16080.00 ,12263.00 
12/16/15,,3679.60 ,-1.40 ,-0.04 ,,,21097.00 ,12459.00 
12/15/15,,3681.00 ,-15.00 ,-0.41 ,,,26114.00 ,14496.00 
12/14/15,,3696.00 ,106.60 ,2.97 ,,,29981.00 ,18771.00 
12/11/15,,3589.40 ,10.40 ,0.29 ,,,31831.00 ,15650.00 
12/10/15,,3579.00 ,-11.80 ,-0.33 ,,,33226.00 ,16540.00 
12/09/15,,3590.80 ,17.20 ,0.48 ,,,34220.00 ,14741.00 
12/08/15,,3573.60 ,-55.40 ,-1.53 ,,,34555.00 ,15427.00 
12/07/15,,3629.00 ,3.80 ,0.10 ,,,34766.00 ,13794.00 
12/04/15,,3625.20 ,-66.20 ,-1.79 ,,,35381.00 ,15414.00 
12/03/15,,3691.40 ,33.00 ,0.90 ,,,36302.00 ,15165.00 
12/02/15,,3658.40 ,144.00 ,4.10 ,,,36856.00 ,21374.00 
12/01/15,,3514.40 ,19.40 ,0.56 ,,,36840.00 ,15853.00 
11/30/15,,3495.00 ,7.80 ,0.22 ,,,36555.00 ,18161.00 
11/27/15,,3487.20 ,-193.60 ,-5.26 ,,,36587.00 ,18971.00 
11/25/15,,3680.80 ,42.40 ,1.17 ,,,36613.00 ,14873.00 
11/24/15,,3638.40 ,11.60 ,0.32 ,,,36283.00 ,16575.00 
11/23/15,,3626.80 ,-21.20 ,-0.58 ,,,34999.00 ,14578.00 
11/20/15,,3648.00 ,-20.40 ,-0.56 ,,,32559.00 ,14914.00 
11/19/15,,3668.40 ,61.00 ,1.69 ,,,28059.00 ,13386.00 
11/18/15,,3607.40 ,-20.20 ,-0.56 ,,,25413.00 ,9451.00 
11/17/15,,3627.60 ,-12.60 ,-0.35 ,,,22926.00 ,8535.00 
11/16/15,,3640.20 ,-0.20 ,-0.01 ,,,21086.00 ,5550.00 
11/13/15,,3640.40 ,-30.80 ,-0.84 ,,,20121.00 ,4182.00 
11/12/15,,3671.20 ,-33.60 ,-0.91 ,,,19604.00 ,4119.00 
11/11/15,,3704.80 ,12.60 ,0.34 ,,,19357.00 ,3511.00 
11/10/15,,3692.20 ,-16.60 ,-0.45 ,,,19265.00 ,3183.00 
11/09/15,,3708.80 ,59.60 ,1.63 ,,,18934.00 ,3613.00 
11/06/15,,3649.20 ,109.00 ,3.08 ,,,18923.00 ,3651.00 
11/05/15,,3540.20 ,73.60 ,2.12 ,,,18832.00 ,4612.00 
11/04/15,,3466.60 ,178.60 ,5.43 ,,,19034.00 ,4859.00 
11/03/15,,3288.00 ,-14.40 ,-0.44 ,,,19064.00 ,2439.00 
11/02/15,,3302.40 ,-51.00 ,-1.52 ,,,19289.00 ,2717.00 
10/30/15,,3353.40 ,12.80 ,0.38 ,,,19440.00 ,2584.00 
10/29/15,,3340.60 ,18.20 ,0.55 ,,,19493.00 ,2594.00 
10/28/15,,3322.40 ,-58.20 ,-1.72 ,,,19570.00 ,2401.00 
10/27/15,,3380.60 ,20.40 ,0.61 ,,,19549.00 ,2677.00 
10/26/15,,3360.20 ,11.80 ,0.35 ,,,19535.00 ,2415.00 
10/23/15,,3348.40 ,33.40 ,1.01 ,,,19376.00 ,2987.00 
10/22/15,,3315.00 ,68.80 ,2.12 ,,,19208.00 ,2974.00 
10/21/15,,3246.20 ,-76.60 ,-2.31 ,,,19223.00 ,3360.00 
10/20/15,,3322.80 ,38.20 ,1.16 ,,,18412.00 ,3157.00 
10/19/15,,3284.60 ,-231.70 ,-6.59 ,,,18058.00 ,3489.00 
10/16/15,,3516.30 ,41.70 ,1.20 ,,,10341.00 ,8909.00 
10/15/15,,3474.60 ,86.20 ,2.54 ,,,15691.00 ,11481.00 
10/14/15,,3388.40 ,-29.20 ,-0.85 ,,,19269.00 ,12615.00 
10/13/15,,3417.60 ,-13.20 ,-0.38 ,,,22092.00 ,11664.00 
10/12/15,,3430.80 ,129.60 ,3.93 ,,,24409.00 ,16314.00 
10/09/15,,3301.20 ,65.20 ,2.01 ,,,24553.00 ,14340.00 
10/08/15,,3236.00 ,110.60 ,3.54 ,,,24113.00 ,13416.00 
10/07/15,,3125.40 ,0.00 ,0.00 ,,,,
10/06/15,,3125.40 ,0.00 ,0.00 ,,,,
10/05/15,,3125.40 ,0.00 ,0.00 ,,,,
10/02/15,,3125.40 ,0.00 ,0.00 ,,,,
10/01/15,,3125.40 ,0.00 ,0.00 ,,,,
09/30/15,,3125.40 ,46.00 ,1.49 ,,,24782.00 ,11851.00 
09/29/15,,3079.40 ,-69.80 ,-2.22 ,,,24680.00 ,13114.00 
09/28/15,,3149.20 ,36.20 ,1.16 ,,,24717.00 ,12950.00 
09/25/15,,3113.00 ,-69.20 ,-2.17 ,,,24779.00 ,15266.00 
09/24/15,,3182.20 ,14.20 ,0.45 ,,,24157.00 ,13630.00 
09/23/15,,3168.00 ,-74.40 ,-2.29 ,,,23793.00 ,14619.00 
09/22/15,,3242.40 ,32.40 ,1.01 ,,,23505.00 ,15332.00 
09/21/15,,3210.00 ,-45.10 ,-1.39 ,,,21569.00 ,16556.00 
09/18/15,,3255.10 ,-29.70 ,-0.90 ,,,9471.00 ,6330.00 
09/17/15,,3284.80 ,22.00 ,0.67 ,,,15837.00 ,11370.00 
09/16/15,,3262.80 ,133.40 ,4.26 ,,,22126.00 ,17246.00 
09/15/15,,3129.40 ,-7.80 ,-0.25 ,,,26557.00 ,17635.00 
09/14/15,,3137.20 ,-169.40 ,-5.12 ,,,30488.00 ,21371.00 
09/11/15,,3306.60 ,5.80 ,0.18 ,,,32649.00 ,16290.00 
09/10/15,,3300.80 ,-25.20 ,-0.76 ,,,33763.00 ,15978.00 
09/09/15,,3326.00 ,52.80 ,1.61 ,,,35438.00 ,23237.00 
09/08/15,,3273.20 ,244.20 ,8.06 ,,,41633.00 ,28957.00 
09/04/15,,3029.00 ,0.00 ,0.00 ,,,,
09/03/15,,3029.00 ,0.00 ,0.00 ,,,,
09/02/15,,3029.00 ,21.80 ,0.72 ,,,54062.00 ,594525.00 
09/01/15,,3007.20 ,-59.00 ,-1.92 ,,,57745.00 ,581134.00 
08/31/15,,3066.20 ,-69.60 ,-2.22 ,,,67025.00 ,560679.00 
08/28/15,,3135.80 ,170.20 ,5.74 ,,,75171.00 ,1312380.00 
08/27/15,,2965.60 ,141.60 ,5.01 ,,,76415.00 ,1774184.00 
08/26/15,,2824.00 ,-6.80 ,-0.24 ,,,85303.00 ,1816214.00 
08/25/15,,2830.80 ,-304.20 ,-9.70 ,,,91084.00 ,2425793.00 
08/24/15,,3135.00 ,-345.20 ,-9.92 ,,,88223.00 ,1375400.00 
08/21/15,,3480.20 ,-283.40 ,-7.53 ,,,79200.00 ,2340449.00 
08/20/15,,3763.60 ,-35.20 ,-0.93 ,,,26630.00 ,684510.00 
08/19/15,,3798.80 ,52.20 ,1.39 ,,,46351.00 ,1847063.00 
08/18/15,,3746.60 ,-240.60 ,-6.03 ,,,53579.00 ,2053606.00 
08/17/15,,3987.20 ,-22.60 ,-0.56 ,,,56590.00 ,1661291.00 
08/14/15,,4009.80 ,9.40 ,0.23 ,,,59242.00 ,1826601.00 
08/13/15,,4000.40 ,23.00 ,0.58 ,,,62184.00 ,1756079.00 
08/12/15,,3977.40 ,-37.80 ,-0.94 ,,,61712.00 ,1989198.00 
08/11/15,,4015.20 ,-47.00 ,-1.16 ,,,70017.00 ,1777406.00 
08/10/15,,4062.20 ,208.80 ,5.42 ,,,63774.00 ,1755566.00 
08/07/15,,3853.40 ,95.80 ,2.55 ,,,63812.00 ,1958798.00 
08/06/15,,3757.60 ,-19.80 ,-0.52 ,,,59560.00 ,1895077.00 
08/05/15,,3777.40 ,-60.40 ,-1.57 ,,,62864.00 ,1485697.00 
08/04/15,,3837.80 ,217.20 ,6.00 ,,,58246.00 ,1543420.00 
08/03/15,,3620.60 ,-40.20 ,-1.10 ,,,59812.00 ,1291333.00 
07/31/15,,3660.80 ,-19.60 ,-0.53 ,,,64093.00 ,1926320.00 
07/30/15,,3680.40 ,-74.40 ,-1.98 ,,,64359.00 ,2246907.00 
07/29/15,,3754.80 ,71.80 ,1.95 ,,,60150.00 ,2065706.00 
07/28/15,,3683.00 ,-76.80 ,-2.04 ,,,62999.00 ,2226862.00 
07/27/15,,3759.80 ,-293.20 ,-7.23 ,,,59894.00 ,1716828.00 
07/24/15,,4053.00 ,-123.20 ,-2.95 ,,,62794.00 ,1891384.00 
07/23/15,,4176.20 ,234.40 ,5.95 ,,,54305.00 ,1786621.00 
07/22/15,,3941.80 ,-25.00 ,-0.63 ,,,51627.00 ,1680058.00 
07/21/15,,3966.80 ,2.20 ,0.06 ,,,52981.00 ,2088061.00 
07/20/15,,3964.60 ,-160.10 ,-3.88 ,,,52262.00 ,1915253.00 
07/17/15,,4124.70 ,146.30 ,3.68 ,,,8908.00 ,98743.00 
07/16/15,,3978.40 ,152.60 ,3.99 ,,,31466.00 ,1008523.00 
07/15/15,,3825.80 ,-174.60 ,-4.36 ,,,42878.00 ,1642710.00 
07/14/15,,4000.40 ,-147.40 ,-3.55 ,,,53816.00 ,1649752.00 
07/13/15,,4147.80 ,18.60 ,0.45 ,,,64376.00 ,1679624.00 
07/10/15,,4129.20 ,319.20 ,8.38 ,,,72240.00 ,1128332.00 
07/09/15,,3810.00 ,346.20 ,9.99 ,,,95900.00 ,618869.00 
07/08/15,,3463.80 ,-384.40 ,-9.99 ,,,108537.00 ,414476.00 
07/07/15,,3848.20 ,-145.00 ,-3.63 ,,,123661.00 ,1518689.00 
07/06/15,,3993.20 ,-70.40 ,-1.73 ,,,137428.00 ,2000696.00 
07/02/15,,4063.60 ,-152.00 ,-3.61 ,,,98439.00 ,2594682.00 
07/01/15,,4215.60 ,-161.20 ,-3.68 ,,,110045.00 ,2255951.00 
06/30/15,,4376.80 ,319.00 ,7.86 ,,,101044.00 ,2308094.00 
06/29/15,,4057.80 ,-187.40 ,-4.41 ,,,109649.00 ,2882235.00 
06/26/15,,4245.20 ,-435.20 ,-9.30 ,,,117827.00 ,2155731.00 
06/25/15,,4680.40 ,-161.40 ,-3.33 ,,,126775.00 ,2058502.00 
06/24/15,,4841.80 ,85.20 ,1.79 ,,,133657.00 ,1799960.00 
06/23/15,,4756.60 ,40.80 ,0.87 ,,,127920.00 ,2044492.00 
06/22/15,,4715.80 ,0.00 ,0.00 ,,,,
06/19/15,,4715.80 ,-265.00 ,-5.32 ,,,103538.00 ,1924424.00 
06/18/15,,4980.80 ,-143.60 ,-2.80 ,,,51070.00 ,682713.00 
06/17/15,,5124.40 ,69.00 ,1.36 ,,,72239.00 ,1433491.00 
06/16/15,,5055.40 ,-173.80 ,-3.32 ,,,89913.00 ,1610772.00 
06/15/15,,5229.20 ,-100.80 ,-1.89 ,,,87408.00 ,1459257.00 
06/12/15,,5330.00 ,39.20 ,0.74 ,,,95746.00 ,1355496.00 
06/11/15,,5290.80 ,-18.40 ,-0.35 ,,,102540.00 ,1419761.00 
06/10/15,,5309.20 ,36.60 ,0.69 ,,,103984.00 ,1636320.00 
06/09/15,,5272.60 ,-73.40 ,-1.37 ,,,116905.00 ,1664665.00 
06/08/15,,5346.00 ,116.00 ,2.22 ,,,138172.00 ,1644696.00 
06/05/15,,5230.00 ,86.60 ,1.68 ,,,152144.00 ,1886262.00 
06/04/15,,5143.40 ,-65.20 ,-1.25 ,,,177936.00 ,1986125.00 
06/03/15,,5208.60 ,-58.40 ,-1.11 ,,,174588.00 ,1852000.00 
06/02/15,,5267.00 ,67.60 ,1.30 ,,,188420.00 ,1674093.00 
06/01/15,,5199.40 ,312.00 ,6.38 ,,,179652.00 ,1476757.00 
05/29/15,,4887.40 ,-89.40 ,-1.80 ,,,182766.00 ,1867516.00 
05/28/15,,4976.80 ,-307.20 ,-5.81 ,,,178924.00 ,1835645.00 
05/27/15,,5284.00 ,20.00 ,0.38 ,,,193918.00 ,1579474.00 
05/26/15,,5264.00 ,280.60 ,5.63 ,,,195999.00 ,1542497.00 
05/22/15,,4983.40 ,120.00 ,2.47 ,,,195196.00 ,1505153.00 
05/21/15,,4863.40 ,54.40 ,1.13 ,,,174826.00 ,1518782.00 
05/20/15,,4809.00 ,67.40 ,1.42 ,,,174187.00 ,1542579.00 
05/19/15,,4741.60 ,194.00 ,4.27 ,,,143805.00 ,1505638.00 
05/18/15,,4547.60 ,-72.20 ,-1.56 ,,,139507.00 ,1232678.00 
05/15/15,,4619.80 ,-62.60 ,-1.34 ,,,119330.00 ,1511232.00 
05/14/15,,4682.40 ,6.20 ,0.13 ,,,49314.00 ,429212.00 
05/13/15,,4676.20 ,-20.60 ,-0.44 ,,,74708.00 ,950409.00 
05/12/15,,4696.80 ,45.00 ,0.97 ,,,94630.00 ,1162418.00 
05/11/15,,4651.80 ,116.60 ,2.57 ,,,126281.00 ,1262672.00 
05/08/15,,4535.20 ,13.80 ,0.31 ,,,133056.00 ,1452579.00 
05/07/15,,4521.40 ,-49.60 ,-1.09 ,,,114629.00 ,1413924.00 
05/06/15,,4571.00 ,-26.60 ,-0.58 ,,,104809.00 ,1465118.00 
05/05/15,,4597.60 ,-162.80 ,-3.42 ,,,94572.00 ,1259363.00 
05/04/15,,4760.40 ,-9.00 ,-0.19 ,,,92597.00 ,1014409.00 
05/01/15,,4769.40 ,0.00 ,0.00 ,,,,
04/30/15,,4769.40 ,-10.20 ,-0.21 ,,,101301.00 ,1208777.00 
04/29/15,,4779.60 ,79.40 ,1.69 ,,,89600.00 ,1203575.00 
04/28/15,,4700.20 ,-99.20 ,-2.07 ,,,102486.00 ,1438546.00 
04/27/15,,4799.40 ,88.00 ,1.87 ,,,100972.00 ,1326364.00 
04/24/15,,4711.40 ,-8.60 ,-0.18 ,,,96785.00 ,1411169.00 
04/23/15,,4720.00 ,-24.40 ,-0.51 ,,,109669.00 ,1447784.00 
04/22/15,,4744.40 ,136.80 ,2.97 ,,,105687.00 ,1260977.00 
04/21/15,,4607.60 ,83.60 ,1.85 ,,,103457.00 ,1428010.00 
04/20/15,,4524.00 ,-75.60 ,-1.64 ,,,94067.00 ,1628754.00 
04/17/15,,4599.60 ,107.80 ,2.40 ,,,21449.00 ,149826.00 
04/16/15,,4491.80 ,69.20 ,1.56 ,,,58631.00 ,778193.00 
04/15/15,,4422.60 ,-11.60 ,-0.26 ,,,85608.00 ,1427566.00 
04/14/15,,4434.20 ,15.80 ,0.36 ,,,104588.00 ,1406142.00 
04/13/15,,4418.40 ,70.80 ,1.63 ,,,111960.00 ,1229737.00 
04/10/15,,4347.60 ,122.40 ,2.90 ,,,102028.00 ,1466382.00 
04/09/15,,4225.20 ,-21.80 ,-0.51 ,,,114187.00 ,1586649.00 
04/08/15,,4247.00 ,18.40 ,0.44 ,,,118870.00 ,1529251.00 
04/07/15,,4228.60 ,67.40 ,1.62 ,,,131362.00 ,1236705.00 
04/06/15,,4161.20 ,61.60 ,1.50 ,,,,
04/02/15,,4099.60 ,-33.60 ,-0.81 ,,,144840.00 ,1532615.00 
04/01/15,,4133.20 ,79.80 ,1.97 ,,,134644.00 ,1561038.00 
03/31/15,,4053.40 ,-58.20 ,-1.42 ,,,143232.00 ,1596233.00 
03/30/15,,4111.60 ,144.80 ,3.65 ,,,133886.00 ,1275334.00 
03/27/15,,3966.80 ,26.20 ,0.66 ,,,136242.00 ,1296462.00 
03/26/15,,3940.60 ,-11.60 ,-0.29 ,,,136976.00 ,1604325.00 
03/25/15,,3952.20 ,-22.20 ,-0.56 ,,,143680.00 ,1284394.00 
03/24/15,,3974.40 ,-10.60 ,-0.27 ,,,145784.00 ,1386556.00 
03/23/15,,3985.00 ,85.60 ,2.20 ,,,131123.00 ,1304328.00 
03/20/15,,3899.40 ,74.80 ,1.96 ,,,132061.00 ,1504327.00 
03/19/15,,3824.60 ,-10.80 ,-0.28 ,,,47251.00 ,371347.00 
03/18/15,,3835.40 ,89.80 ,2.40 ,,,85777.00 ,976338.00 
03/17/15,,3745.60 ,37.00 ,1.00 ,,,131638.00 ,1099739.00 
03/16/15,,3708.60 ,93.20 ,2.58 ,,,130648.00 ,1066131.00 
03/13/15,,3615.40 ,0.40 ,0.01 ,,,146658.00 ,1167051.00 
03/12/15,,3615.00 ,77.80 ,2.20 ,,,151667.00 ,1320085.00 
03/11/15,,3537.20 ,-0.40 ,-0.01 ,,,147498.00 ,1232780.00 
03/10/15,,3537.60 ,-21.80 ,-0.61 ,,,150929.00 ,1061772.00 
03/09/15,,3559.40 ,70.20 ,2.01 ,,,152092.00 ,1210246.00 
03/06/15,,3489.20 ,-7.00 ,-0.20 ,,,154214.00 ,1017878.00 
03/05/15,,3496.20 ,-44.40 ,-1.25 ,,,158544.00 ,1189131.00 
03/04/15,,3540.60 ,13.40 ,0.38 ,,,154446.00 ,1180790.00 
03/03/15,,3527.20 ,-83.40 ,-2.31 ,,,160461.00 ,1131315.00 
03/02/15,,3610.60 ,20.60 ,0.57 ,,,164194.00 ,1150857.00 
02/27/15,,3590.00 ,3.20 ,0.09 ,,,169886.00 ,960924.00 
02/26/15,,3586.80 ,93.90 ,2.69 ,,,154073.00 ,1058250.00 
02/25/15,,3492.90 ,-28.90 ,-0.82 ,,,15389.00 ,66962.00 
02/24/15,,3521.80 ,0.00 ,0.00 ,,,,
02/23/15,,3521.80 ,0.00 ,0.00 ,,,,
02/20/15,,3521.80 ,0.00 ,0.00 ,,,,
02/19/15,,3521.80 ,0.00 ,0.00 ,,,,
02/18/15,,3521.80 ,0.00 ,0.00 ,,,,
02/17/15,,3521.80 ,39.20 ,1.13 ,,,35118.00 ,173039.00 
02/13/15,,3482.60 ,21.00 ,0.61 ,,,79157.00 ,870585.00 
02/12/15,,3461.60 ,12.00 ,0.35 ,,,90564.00 ,817005.00 
02/11/15,,3449.60 ,35.80 ,1.05 ,,,95890.00 ,1011176.00 
02/10/15,,3413.80 ,49.40 ,1.47 ,,,97718.00 ,1263639.00 
02/09/15,,3364.40 ,42.80 ,1.29 ,,,102940.00 ,1240607.00 
02/06/15,,3321.60 ,-78.20 ,-2.30 ,,,112731.00 ,1318691.00 
02/05/15,,3399.80 ,-25.80 ,-0.75 ,,,117899.00 ,1513768.00 
02/04/15,,3425.60 ,-22.80 ,-0.66 ,,,115571.00 ,1228877.00 
02/03/15,,3448.40 ,75.20 ,2.23 ,,,110408.00 ,1224371.00 
02/02/15,,3373.20 ,-83.80 ,-2.42 ,,,104079.00 ,1094811.00 
01/30/15,,3457.00 ,-35.60 ,-1.02 ,,,102412.00 ,1374952.00 
01/29/15,,3492.60 ,-41.80 ,-1.18 ,,,108348.00 ,1232704.00 
01/28/15,,3534.40 ,-50.60 ,-1.41 ,,,108253.00 ,1367393.00 
01/27/15,,3585.00 ,-35.60 ,-0.98 ,,,107650.00 ,1322288.00 
01/26/15,,3620.60 ,42.00 ,1.17 ,,,103279.00 ,1064911.00 
01/23/15,,3578.60 ,4.60 ,0.13 ,,,108107.00 ,1448937.00 
01/22/15,,3574.00 ,20.00 ,0.56 ,,,112574.00 ,1192074.00 
01/21/15,,3554.00 ,149.60 ,4.39 ,,,105907.00 ,1459796.00 
01/20/15,,3404.40 ,-280.20 ,-7.60 ,,,117624.00 ,1734080.00 
01/16/15,,3684.60 ,90.40 ,2.52 ,,,101476.00 ,1188668.00 
01/15/15,,3594.20 ,96.40 ,2.76 ,,,63228.00 ,748861.00 
01/14/15,,3497.80 ,-19.60 ,-0.56 ,,,77162.00 ,1026731.00 
01/13/15,,3517.40 ,-16.40 ,-0.46 ,,,81457.00 ,1104965.00 
01/12/15,,3533.80 ,-54.40 ,-1.52 ,,,105242.00 ,1268691.00 
01/09/15,,3588.20 ,0.00 ,0.00 ,,,,
01/08/15,,3588.20 ,-66.60 ,-1.82 ,,,114534.00 ,1565105.00 
01/07/15,,3654.80 ,-4.60 ,-0.13 ,,,127237.00 ,1294935.00 
01/06/15,,3659.40 ,-59.20 ,-1.59 ,,,138633.00 ,1522728.00 
01/05/15,,3718.60 ,138.80 ,3.88 ,,,129487.00 ,1303810.00 
01/02/15,,3579.80 ,0.00 ,0.00 ,,,,
12/31/14,,3579.80 ,104.60 ,3.01 ,,,122402.00 ,1354714.00 
12/30/14,,3475.20 ,6.80 ,0.20 ,,,123590.00 ,1824842.00 
12/29/14,,3468.40 ,-28.60 ,-0.82 ,,,130907.00 ,1704383.00 
12/26/14,,3497.00 ,249.40 ,7.68 ,,,124035.00 ,1808425.00 
12/24/14,,3247.60 ,-121.20 ,-3.60 ,,,150483.00 ,1772554.00 
12/23/14,,3368.80 ,-73.00 ,-2.12 ,,,157058.00 ,1596976.00 
12/22/14,,3441.80 ,-64.20 ,-1.83 ,,,162488.00 ,1631397.00 
12/19/14,,3506.00 ,16.80 ,0.48 ,,,159109.00 ,1549063.00 
12/18/14,,3489.20 ,157.80 ,4.74 ,,,147746.00 ,1441628.00 
12/17/14,,3331.40 ,30.40 ,0.92 ,,,80765.00 ,909493.00 
12/16/14,,3301.00 ,54.20 ,1.67 ,,,109510.00 ,1287895.00 
12/15/14,,3246.80 ,28.80 ,0.89 ,,,107864.00 ,1084793.00 
12/12/14,,3218.00 ,13.80 ,0.43 ,,,107311.00 ,1441658.00 
12/11/14,,3204.20 ,-68.00 ,-2.08 ,,,138075.00 ,1702846.00 
12/10/14,,3272.20 ,66.40 ,2.07 ,,,138463.00 ,2140875.00 
12/09/14,,3205.80 ,-120.00 ,-3.61 ,,,162923.00 ,2555554.00 
12/08/14,,3325.80 ,165.00 ,5.22 ,,,163761.00 ,1833507.00 
12/05/14,,3160.80 ,-9.00 ,-0.28 ,,,166738.00 ,2183892.00 
12/04/14,,3169.80 ,181.60 ,6.08 ,,,163644.00 ,1966443.00 
12/03/14,,2988.20 ,40.40 ,1.37 ,,,163194.00 ,2127834.00 
12/02/14,,2947.80 ,140.40 ,5.00 ,,,166358.00 ,1843418.00 
12/01/14,,2807.40 ,11.00 ,0.39 ,,,169616.00 ,1141574.00 
11/28/14,,2796.40 ,59.00 ,2.16 ,,,174978.00 ,1230047.00 
11/26/14,,2737.40 ,22.00 ,0.81 ,,,179733.00 ,1244011.00 
11/25/14,,2715.40 ,41.80 ,1.56 ,,,175868.00 ,1024900.00 
11/24/14,,2673.60 ,79.80 ,3.08 ,,,174844.00 ,1312102.00 
11/21/14,,2593.80 ,48.40 ,1.90 ,,,161058.00 ,1073295.00 
11/20/14,,2545.40 ,9.80 ,0.39 ,,,132285.00 ,747887.00 
11/19/14,,2535.60 ,-9.20 ,-0.36 ,,,81238.00 ,392169.00 
11/18/14,,2544.80 ,-23.00 ,-0.90 ,,,86403.00 ,675994.00 
11/17/14,,2567.80 ,2.40 ,0.09 ,,,94735.00 ,998777.00 
11/14/14,,2565.40 ,-8.20 ,-0.32 ,,,102532.00 ,868800.00 
11/13/14,,2573.60 ,-3.40 ,-0.13 ,,,113570.00 ,1018479.00 
11/12/14,,2577.00 ,31.00 ,1.22 ,,,117440.00 ,968069.00 
11/11/14,,2546.00 ,-9.60 ,-0.38 ,,,123543.00 ,1328659.00 
11/10/14,,2555.60 ,55.60 ,2.22 ,,,124551.00 ,1079730.00 
11/07/14,,2500.00 ,-11.60 ,-0.46 ,,,135737.00 ,1180315.00 
11/06/14,,2511.60 ,1.20 ,0.05 ,,,129085.00 ,829996.00 
11/05/14,,2510.40 ,-0.60 ,-0.02 ,,,130568.00 ,746368.00 
11/04/14,,2511.00 ,-1.60 ,-0.06 ,,,134828.00 ,632316.00 
11/03/14,,2512.60 ,-5.40 ,-0.21 ,,,133124.00 ,675518.00 
10/31/14,,2518.00 ,53.80 ,2.18 ,,,129200.00 ,1110664.00 
10/30/14,,2464.20 ,11.80 ,0.48 ,,,129242.00 ,843691.00 
10/29/14,,2452.40 ,32.60 ,1.35 ,,,135407.00 ,872767.00 
10/28/14,,2419.80 ,41.00 ,1.72 ,,,137962.00 ,737404.00 
10/27/14,,2378.80 ,-23.20 ,-0.97 ,,,133232.00 ,706590.00 
10/24/14,,2402.00 ,-4.40 ,-0.18 ,,,130542.00 ,616341.00 
10/23/14,,2406.40 ,-23.80 ,-0.98 ,,,132085.00 ,814216.00 
10/22/14,,2430.20 ,-10.80 ,-0.44 ,,,128575.00 ,705278.00 
10/21/14,,2441.00 ,-14.00 ,-0.57 ,,,123535.00 ,747899.00 
10/20/14,,2455.00 ,17.00 ,0.70 ,,,120024.00 ,641808.00 
10/17/14,,2438.00 ,-12.60 ,-0.51 ,,,26584.00 ,95434.00 
10/16/14,,2450.60 ,-6.00 ,-0.24 ,,,63703.00 ,435024.00 
10/15/14,,2456.60 ,20.60 ,0.85 ,,,91676.00 ,762348.00 
10/14/14,,2436.00 ,-14.60 ,-0.60 ,,,110836.00 ,719856.00 
10/13/14,,2450.60 ,-14.60 ,-0.59 ,,,121314.00 ,718714.00 
10/10/14,,2465.20 ,-13.60 ,-0.55 ,,,130869.00 ,714532.00 
10/09/14,,2478.80 ,-0.40 ,-0.02 ,,,134400.00 ,643682.00 
10/08/14,,2479.20 ,25.00 ,1.02 ,,,137904.00 ,684472.00 
10/07/14,,2454.20 ,0.00 ,0.00 ,,,,
10/06/14,,2454.20 ,0.00 ,0.00 ,,,,
10/03/14,,2454.20 ,0.00 ,0.00 ,,,,
10/02/14,,2454.20 ,0.00 ,0.00 ,,,,
10/01/14,,2454.20 ,0.00 ,0.00 ,,,,
09/30/14,,2454.20 ,0.20 ,0.01 ,,,146791.00 ,563308.00 
09/29/14,,2454.00 ,1.00 ,0.04 ,,,152423.00 ,610894.00 
09/26/14,,2453.00 ,-2.40 ,-0.10 ,,,154715.00 ,833638.00 
09/25/14,,2455.40 ,-9.60 ,-0.39 ,,,157619.00 ,974558.00 
09/24/14,,2465.00 ,56.80 ,2.36 ,,,132865.00 ,1032475.00 
09/23/14,,2408.20 ,25.00 ,1.05 ,,,130900.00 ,752765.00 
09/22/14,,2383.20 ,-36.20 ,-1.50 ,,,133563.00 ,813739.00 
09/19/14,,2419.40 ,17.00 ,0.71 ,,,27951.00 ,86754.00 
09/18/14,,2402.40 ,2.20 ,0.09 ,,,82060.00 ,244568.00 
09/17/14,,2400.20 ,0.00 ,0.00 ,,,,
09/16/14,,2400.20 ,-35.80 ,-1.47 ,,,103455.00 ,892304.00 
09/15/14,,2436.00 ,-5.20 ,-0.21 ,,,118789.00 ,649235.00 
09/12/14,,2441.20 ,16.80 ,0.69 ,,,124423.00 ,779624.00 
09/11/14,,2424.40 ,-16.80 ,-0.69 ,,,133476.00 ,1044577.00 
09/10/14,,2441.20 ,-14.60 ,-0.59 ,,,143510.00 ,663006.00 
09/09/14,,2455.80 ,-10.60 ,-0.43 ,,,148414.00 ,605014.00 
09/08/14,,2466.40 ,0.00 ,0.00 ,,,,
09/05/14,,2466.40 ,29.60 ,1.21 ,,,138771.00 ,862928.00 
09/04/14,,2436.80 ,24.20 ,1.00 ,,,133160.00 ,771774.00 
09/03/14,,2412.60 ,26.00 ,1.09 ,,,133651.00 ,814246.00 
09/02/14,,2386.60 ,39.20 ,1.67 ,,,129291.00 ,801993.00 
08/29/14,,2347.40 ,15.60 ,0.67 ,,,135584.00 ,585425.00 
08/28/14,,2331.80 ,-4.20 ,-0.18 ,,,133376.00 ,631839.00 
08/27/14,,2336.00 ,1.40 ,0.06 ,,,134605.00 ,517339.00 
08/26/14,,2334.60 ,-17.40 ,-0.74 ,,,133287.00 ,722864.00 
08/25/14,,2352.00 ,-15.80 ,-0.67 ,,,133423.00 ,676285.00 
08/22/14,,2367.80 ,14.00 ,0.59 ,,,135270.00 ,691779.00 
08/21/14,,2353.80 ,-12.00 ,-0.51 ,,,138239.00 ,685140.00 
08/20/14,,2365.80 ,-3.40 ,-0.14 ,,,140228.00 ,666923.00 
08/19/14,,2369.20 ,-5.60 ,-0.24 ,,,145024.00 ,698616.00 
08/18/14,,2374.80 ,3.20 ,0.13 ,,,147266.00 ,701287.00 
08/15/14,,2371.60 ,30.80 ,1.32 ,,,129096.00 ,805638.00 
08/14/14,,2340.80 ,-15.00 ,-0.64 ,,,48351.00 ,248949.00 
08/13/14,,2355.80 ,-2.80 ,-0.12 ,,,76221.00 ,554012.00 
08/12/14,,2358.60 ,-10.80 ,-0.46 ,,,91644.00 ,593424.00 
08/11/14,,2369.40 ,33.00 ,1.41 ,,,96575.00 ,728559.00 
08/08/14,,2336.40 ,1.40 ,0.06 ,,,101482.00 ,697998.00 
08/07/14,,2335.00 ,-32.80 ,-1.39 ,,,105568.00 ,848414.00 
08/06/14,,2367.80 ,-4.00 ,-0.17 ,,,110302.00 ,865135.00 
08/05/14,,2371.80 ,-13.20 ,-0.55 ,,,112696.00 ,830224.00 
08/04/14,,2385.00 ,38.00 ,1.62 ,,,107083.00 ,901824.00 
08/01/14,,2347.00 ,-8.00 ,-0.34 ,,,111769.00 ,929869.00 
07/31/14,,2355.00 ,23.20 ,0.99 ,,,108288.00 ,775762.00 
07/30/14,,2331.80 ,-7.20 ,-0.31 ,,,108142.00 ,713562.00 
07/29/14,,2339.00 ,3.60 ,0.15 ,,,109968.00 ,687886.00 
07/28/14,,2335.40 ,71.20 ,3.14 ,,,103623.00 ,891896.00 
07/25/14,,2264.20 ,26.80 ,1.20 ,,,105592.00 ,603892.00 
07/24/14,,2237.40 ,50.20 ,2.30 ,,,100723.00 ,862759.00 
07/23/14,,2187.20 ,0.80 ,0.04 ,,,101106.00 ,608231.00 
07/22/14,,2186.40 ,28.40 ,1.32 ,,,92679.00 ,665843.00 
07/21/14,,2158.00 ,-9.20 ,-0.42 ,,,88424.00 ,442089.00 
07/18/14,,2167.20 ,16.20 ,0.75 ,,,28915.00 ,86195.00 
07/17/14,,2151.00 ,-13.00 ,-0.60 ,,,56565.00 ,264433.00 
07/16/14,,2164.00 ,0.60 ,0.03 ,,,71207.00 ,435423.00 
07/15/14,,2163.40 ,0.80 ,0.04 ,,,82564.00 ,416981.00 
07/14/14,,2162.60 ,23.80 ,1.11 ,,,94060.00 ,528418.00 
07/11/14,,2138.80 ,4.60 ,0.22 ,,,104980.00 ,547920.00 
07/10/14,,2134.20 ,-3.60 ,-0.17 ,,,107269.00 ,379760.00 
07/09/14,,2137.80 ,-27.80 ,-1.28 ,,,103984.00 ,561916.00 
07/08/14,,2165.60 ,1.60 ,0.07 ,,,104612.00 ,532650.00 
07/07/14,,2164.00 ,-4.00 ,-0.18 ,,,103236.00 ,475802.00 
07/03/14,,2168.00 ,8.20 ,0.38 ,,,111103.00 ,645564.00 
07/02/14,,2159.80 ,6.40 ,0.30 ,,,110351.00 ,616513.00 
07/01/14,,2153.40 ,-0.40 ,-0.02 ,,,109027.00 ,517229.00 
06/30/14,,2153.80 ,10.60 ,0.49 ,,,109779.00 ,594740.00 
06/27/14,,2143.20 ,5.60 ,0.26 ,,,115555.00 ,581199.00 
06/26/14,,2137.60 ,13.20 ,0.62 ,,,118006.00 ,619285.00 
06/25/14,,2124.40 ,-10.20 ,-0.48 ,,,116978.00 ,545547.00 
06/24/14,,2134.60 ,9.60 ,0.45 ,,,122399.00 ,566466.00 
06/23/14,,2125.00 ,-8.40 ,-0.39 ,,,121944.00 ,585486.00 
06/20/14,,2133.40 ,1.20 ,0.06 ,,,112320.00 ,543607.00 
06/19/14,,2132.20 ,-41.20 ,-1.90 ,,,58210.00 ,144323.00 
06/18/14,,2173.40 ,0.00 ,0.00 ,,,,
06/17/14,,2173.40 ,-18.60 ,-0.85 ,,,71323.00 ,422578.00 
06/16/14,,2192.00 ,15.20 ,0.70 ,,,81915.00 ,538040.00 
06/13/14,,2176.80 ,26.40 ,1.23 ,,,84436.00 ,798035.00 
06/12/14,,2150.40 ,-2.60 ,-0.12 ,,,86941.00 ,491061.00 
06/11/14,,2153.00 ,-2.00 ,-0.09 ,,,91667.00 ,590002.00 
06/10/14,,2155.00 ,28.20 ,1.33 ,,,90282.00 ,857837.00 
06/09/14,,2126.80 ,-1.00 ,-0.05 ,,,93018.00 ,792366.00 
06/06/14,,2127.80 ,-17.80 ,-0.83 ,,,98668.00 ,703915.00 
06/05/14,,2145.60 ,24.20 ,1.14 ,,,104577.00 ,620330.00 
06/04/14,,2121.40 ,-22.80 ,-1.06 ,,,103254.00 ,560374.00 
06/03/14,,2144.20 ,-8.20 ,-0.38 ,,,97582.00 ,512440.00 
06/02/14,,2152.40 ,0.00 ,0.00 ,,,,
05/30/14,,2152.40 ,-1.20 ,-0.06 ,,,106745.00 ,651611.00 
05/29/14,,2153.60 ,-9.40 ,-0.43 ,,,110648.00 ,562944.00 
05/28/14,,2163.00 ,21.00 ,0.98 ,,,106654.00 ,821515.00 
05/27/14,,2142.00 ,6.80 ,0.32 ,,,110203.00 ,580418.00 
05/23/14,,2135.20 ,16.20 ,0.76 ,,,111045.00 ,722236.00 
05/22/14,,2119.00 ,-2.00 ,-0.09 ,,,112989.00 ,791189.00 
05/21/14,,2121.00 ,21.60 ,1.03 ,,,114365.00 ,780967.00 
05/20/14,,2099.40 ,-3.40 ,-0.16 ,,,113846.00 ,547236.00 
05/19/14,,2102.80 ,-30.80 ,-1.44 ,,,109087.00 ,659420.00 
05/16/14,,2133.60 ,-14.20 ,-0.66 ,,,97198.00 ,583388.00 
05/15/14,,2147.80 ,-21.00 ,-0.97 ,,,34899.00 ,158135.00 
05/14/14,,2168.80 ,0.80 ,0.04 ,,,51101.00 ,423917.00 
05/13/14,,2168.00 ,-10.00 ,-0.46 ,,,60181.00 ,440970.00 
05/12/14,,2178.00 ,40.80 ,1.91 ,,,66819.00 ,758308.00 
05/09/14,,2137.20 ,-0.40 ,-0.02 ,,,69424.00 ,668492.00 
05/08/14,,2137.60 ,-2.00 ,-0.09 ,,,72451.00 ,772847.00 
05/07/14,,2139.60 ,-7.80 ,-0.36 ,,,72409.00 ,573466.00 
05/06/14,,2147.40 ,-6.40 ,-0.30 ,,,69685.00 ,632839.00 
05/05/14,,2153.80 ,-1.20 ,-0.06 ,,,67540.00 ,638183.00 
05/02/14,,2155.00 ,0.00 ,0.00 ,,,,
05/01/14,,2155.00 ,0.00 ,0.00 ,,,,
04/30/14,,2155.00 ,-3.00 ,-0.14 ,,,70995.00 ,419327.00 
04/29/14,,2158.00 ,14.80 ,0.69 ,,,75569.00 ,552707.00 
04/28/14,,2143.20 ,-28.60 ,-1.32 ,,,69990.00 ,625383.00 
04/25/14,,2171.80 ,-12.40 ,-0.57 ,,,70504.00 ,744456.00 
04/24/14,,2184.20 ,1.20 ,0.05 ,,,70722.00 ,680630.00 
04/23/14,,2183.00 ,-4.40 ,-0.20 ,,,71509.00 ,619348.00 
04/22/14,,2187.40 ,-5.60 ,-0.26 ,,,75324.00 ,718852.00 
04/21/14,,2193.00 ,-36.00 ,-1.62 ,,,69905.00 ,729098.00 
04/17/14,,2229.00 ,-4.00 ,-0.18 ,,,42395.00 ,301671.00 
04/16/14,,2233.00 ,0.40 ,0.02 ,,,55540.00 ,632172.00 
04/15/14,,2232.60 ,-39.60 ,-1.74 ,,,61767.00 ,627712.00 
04/14/14,,2272.20 ,-2.00 ,-0.09 ,,,64479.00 ,517711.00 
04/11/14,,2274.20 ,-8.00 ,-0.35 ,,,73375.00 ,633463.00 
04/10/14,,2282.20 ,40.60 ,1.81 ,,,77892.00 ,855974.00 
04/09/14,,2241.60 ,-2.00 ,-0.09 ,,,84085.00 ,554425.00 
04/08/14,,2243.60 ,60.00 ,2.75 ,,,78278.00 ,826752.00 
04/07/14,,2183.60 ,0.00 ,0.00 ,,,,
04/04/14,,2183.60 ,20.40 ,0.94 ,,,77260.00 ,693640.00 
04/03/14,,2163.20 ,-5.40 ,-0.25 ,,,73558.00 ,689044.00 
04/02/14,,2168.60 ,11.40 ,0.53 ,,,72976.00 ,673003.00 
04/01/14,,2157.20 ,19.20 ,0.90 ,,,70973.00 ,741374.00 
03/31/14,,2138.00 ,-7.80 ,-0.36 ,,,72609.00 ,678008.00 
03/28/14,,2145.80 ,-5.00 ,-0.23 ,,,74529.00 ,830598.00 
03/27/14,,2150.80 ,-1.00 ,-0.05 ,,,76948.00 ,901952.00 
03/26/14,,2151.80 ,0.20 ,0.01 ,,,77984.00 ,625918.00 
03/25/14,,2151.60 ,-2.40 ,-0.11 ,,,78180.00 ,712445.00 
03/24/14,,2154.00 ,4.80 ,0.22 ,,,78275.00 ,694899.00 
03/21/14,,2149.20 ,60.40 ,2.89 ,,,76965.00 ,1023570.00 
03/20/14,,2088.80 ,-23.40 ,-1.11 ,,,34337.00 ,219920.00 
03/19/14,,2112.20 ,-5.60 ,-0.26 ,,,54429.00 ,529158.00 
03/18/14,,2117.80 ,-6.60 ,-0.31 ,,,58449.00 ,501937.00 
03/17/14,,2124.40 ,28.80 ,1.37 ,,,71412.00 ,637263.00 
03/14/14,,2095.60 ,-7.00 ,-0.33 ,,,79947.00 ,576308.00 
03/13/14,,2102.60 ,16.20 ,0.78 ,,,82507.00 ,794082.00 
03/12/14,,2086.40 ,2.60 ,0.12 ,,,84447.00 ,837039.00 
03/11/14,,2083.80 ,12.80 ,0.62 ,,,92864.00 ,791116.00 
03/10/14,,2071.00 ,-76.20 ,-3.55 ,,,92098.00 ,708496.00 
03/07/14,,2147.20 ,-19.80 ,-0.91 ,,,91011.00 ,731009.00 
03/06/14,,2167.00 ,17.40 ,0.81 ,,,98687.00 ,919590.00 
03/05/14,,2149.60 ,-14.20 ,-0.66 ,,,93122.00 ,682315.00 
03/04/14,,2163.80 ,-0.80 ,-0.04 ,,,93695.00 ,738918.00 
03/03/14,,2164.60 ,-3.00 ,-0.14 ,,,93735.00 ,686707.00 
02/28/14,,2167.60 ,20.20 ,0.94 ,,,97252.00 ,842004.00 
02/27/14,,2147.40 ,-2.00 ,-0.09 ,,,98347.00 ,775386.00 
02/26/14,,2149.40 ,-8.60 ,-0.40 ,,,101326.00 ,676056.00 
02/25/14,,2158.00 ,-48.40 ,-2.19 ,,,95287.00 ,697334.00 
02/24/14,,2206.40 ,-55.40 ,-2.45 ,,,95890.00 ,642284.00 
02/21/14,,2261.80 ,-22.60 ,-0.99 ,,,92523.00 ,556410.00 
02/20/14,,2284.40 ,-16.20 ,-0.70 ,,,81207.00 ,642851.00 
02/19/14,,2300.60 ,22.80 ,1.00 ,,,33632.00 ,220024.00 
02/18/14,,2277.80 ,-7.20 ,-0.32 ,,,44260.00 ,324034.00 
02/14/14,,2285.00 ,6.40 ,0.28 ,,,59075.00 ,459567.00 
02/13/14,,2278.60 ,-4.40 ,-0.19 ,,,61495.00 ,495048.00 
02/12/14,,2283.00 ,5.40 ,0.24 ,,,63671.00 ,476456.00 
02/11/14,,2277.60 ,13.20 ,0.58 ,,,67395.00 ,599468.00 
02/10/14,,2264.40 ,55.40 ,2.51 ,,,68764.00 ,586644.00 
02/07/14,,2209.00 ,0.00 ,0.00 ,,,,
02/06/14,,2209.00 ,0.00 ,0.00 ,,,,
02/05/14,,2209.00 ,0.00 ,0.00 ,,,,
02/04/14,,2209.00 ,0.00 ,0.00 ,,,,
02/03/14,,2209.00 ,0.00 ,0.00 ,,,,
01/31/14,,2209.00 ,0.00 ,0.00 ,,,,
01/30/14,,2209.00 ,-29.20 ,-1.30 ,,,68991.00 ,429342.00 
01/29/14,,2238.20 ,6.60 ,0.30 ,,,70184.00 ,466626.00 
01/28/14,,2231.60 ,4.20 ,0.19 ,,,71469.00 ,569614.00 
01/27/14,,2227.40 ,-26.80 ,-1.19 ,,,71019.00 ,528237.00 
01/24/14,,2254.20 ,8.00 ,0.36 ,,,72540.00 ,707263.00 
01/23/14,,2246.20 ,-4.00 ,-0.18 ,,,75374.00 ,520148.00 
01/22/14,,2250.20 ,47.80 ,2.17 ,,,71828.00 ,734205.00 
01/21/14,,2202.40 ,19.50 ,0.89 ,,,73155.00 ,648824.00 
01/17/14,,2182.90 ,-31.90 ,-1.44 ,,,27787.00 ,112982.00 
01/16/14,,2214.80 ,4.40 ,0.20 ,,,57917.00 ,497659.00 
01/15/14,,2210.40 ,-3.20 ,-0.14 ,,,70037.00 ,515463.00 
01/14/14,,2213.60 ,15.20 ,0.69 ,,,80680.00 ,666190.00 
01/13/14,,2198.40 ,-15.20 ,-0.69 ,,,83558.00 ,623400.00 
01/10/14,,2213.60 ,-15.60 ,-0.70 ,,,87542.00 ,686705.00 
01/09/14,,2229.20 ,-14.00 ,-0.62 ,,,85765.00 ,715698.00 
01/08/14,,2243.20 ,4.80 ,0.21 ,,,85620.00 ,724309.00 
01/07/14,,2238.40 ,-1.80 ,-0.08 ,,,91376.00 ,626018.00 
01/06/14,,2240.20 ,-57.00 ,-2.48 ,,,96696.00 ,640223.00 
01/03/14,,2297.20 ,-37.20 ,-1.59 ,,,95809.00 ,598927.00 
01/02/14,,2334.40 ,,-100.00 ,,,,521979.00 
