Date,Price
02/23/18,4071.09 
02/22/18,4052.73 
02/14/18,3966.96 
02/13/18,3935.63 
02/12/18,3890.10 
02/09/18,3840.65 
02/08/18,4012.05 
02/07/18,4050.50 
02/06/18,4148.89 
02/05/18,4274.15 
02/02/18,4271.23 
02/01/18,4245.90 
01/31/18,4275.90 
01/30/18,4256.10 
01/29/18,4302.02 
01/26/18,4381.30 
01/25/18,4365.08 
01/24/18,4389.89 
01/23/18,4382.61 
01/22/18,4336.60 
01/19/18,4285.40 
01/18/18,4271.42 
01/17/18,4248.12 
01/16/18,4258.47 
01/15/18,4225.24 
01/12/18,4225.00 
01/11/18,4205.59 
01/10/18,4207.81 
01/09/18,4189.30 
01/08/18,4160.16 
01/05/18,4138.75 
01/04/18,4128.81 
01/03/18,4111.39 
01/02/18,4087.40 
12/29/17,4030.85 
12/28/17,4018.90 
12/27/17,3991.21 
12/26/17,4053.62 
12/25/17,4041.54 
12/22/17,4054.60 
12/21/17,4067.85 
12/20/17,4030.49 
12/19/17,4035.33 
12/18/17,3985.29 
12/15/17,3980.86 
12/14/17,4026.15 
12/13/17,4050.09 
12/12/17,4016.02 
12/11/17,4069.50 
12/08/17,4003.38 
12/07/17,3971.06 
12/06/17,4015.82 
12/05/17,4040.17 
12/04/17,4018.86 
12/01/17,3998.14 
11/30/17,4006.10 
11/29/17,4053.75 
11/28/17,4055.82 
11/27/17,4049.95 
11/24/17,4104.20 
11/23/17,4102.40 
11/22/17,4227.57 
11/21/17,4217.70 
11/20/17,4143.83 
11/17/17,4120.85 
11/16/17,4105.01 
11/15/17,4073.67 
11/14/17,4099.35 
11/13/17,4128.07 
11/10/17,4111.91 
11/09/17,4075.90 
11/08/17,4048.01 
11/07/17,4054.25 
11/06/17,4020.89 
11/03/17,3992.70 
11/02/17,3997.13 
11/01/17,3996.62 
10/31/17,4006.72 
10/30/17,4009.72 
10/27/17,4021.97 
10/26/17,3993.58 
10/25/17,3976.95 
10/24/17,3959.40 
10/23/17,3930.80 
10/20/17,3926.85 
10/19/17,3931.25 
10/18/17,3944.16 
10/17/17,3913.07 
10/16/17,3913.45 
10/13/17,3921.00 
10/12/17,3912.95 
10/11/17,3902.69 
10/10/17,3889.86 
10/09/17,3882.21 
09/29/17,3836.50 
09/28/17,3822.54 
09/27/17,3821.20 
09/26/17,3820.78 
09/25/17,3817.79 
09/22/17,3837.73 
09/21/17,3837.82 
09/20/17,3842.44 
09/19/17,3832.12 
09/18/17,3843.14 
09/15/17,3831.30 
09/14/17,3829.96 
09/13/17,3842.61 
09/12/17,3837.93 
09/11/17,3825.65 
09/08/17,3825.99 
09/07/17,3829.87 
09/06/17,3849.45 
09/05/17,3857.05 
09/04/17,3845.62 
09/01/17,3830.54 
08/31/17,3822.09 
08/30/17,3834.30 
08/29/17,3834.54 
08/28/17,3842.71 
08/25/17,3795.75 
08/24/17,3734.65 
08/23/17,3756.09 
08/22/17,3752.30 
08/21/17,3740.99 
08/18/17,3724.67 
08/17/17,3721.28 
08/16/17,3701.42 
08/15/17,3706.06 
08/14/17,3694.68 
08/11/17,3647.35 
08/10/17,3715.92 
08/09/17,3731.04 
08/08/17,3732.21 
08/07/17,3726.79 
08/04/17,3707.58 
08/03/17,3727.83 
08/02/17,3760.85 
08/01/17,3770.38 
07/31/17,3737.87 
07/28/17,3721.89 
07/27/17,3712.19 
07/26/17,3705.39 
07/25/17,3719.56 
07/24/17,3743.47 
07/21/17,3728.60 
07/20/17,3747.88 
07/19/17,3729.75 
07/18/17,3667.18 
07/17/17,3663.56 
07/14/17,3703.09 
07/13/17,3686.92 
07/12/17,3658.82 
07/11/17,3670.81 
07/10/17,3653.69 
07/07/17,3655.93 
07/06/17,3660.10 
07/05/17,3659.68 
07/04/17,3619.98 
07/03/17,3650.85 
06/30/17,3666.80 
06/29/17,3668.83 
06/28/17,3646.17 
06/27/17,3674.72 
06/26/17,3668.09 
06/23/17,3622.88 
06/22/17,3590.34 
06/21/17,3587.96 
06/20/17,3546.49 
06/19/17,3553.67 
06/16/17,3518.76 
06/15/17,3528.79 
06/14/17,3535.30 
06/13/17,3582.27 
06/12/17,3574.39 
06/09/17,3576.17 
06/08/17,3560.98 
06/07/17,3533.87 
06/06/17,3492.88 
06/05/17,3468.75 
06/02/17,3486.51 
06/01/17,3497.74 
05/31/17,3492.88 
05/26/17,3480.43 
05/25/17,3485.66 
05/24/17,3424.17 
05/23/17,3424.19 
05/22/17,3411.24 
05/19/17,3403.85 
05/18/17,3398.11 
05/17/17,3409.97 
05/16/17,3428.65 
05/15/17,3399.19 
05/12/17,3385.38 
05/11/17,3356.65 
05/10/17,3337.70 
05/09/17,3352.53 
05/08/17,3358.81 
05/05/17,3382.55 
05/04/17,3404.39 
05/03/17,3413.13 
05/02/17,3426.58 
04/28/17,3439.75 
04/27/17,3446.72 
04/26/17,3445.18 
04/25/17,3440.97 
04/24/17,3431.26 
04/21/17,3466.79 
04/20/17,3461.55 
04/19/17,3445.88 
04/18/17,3462.74 
04/17/17,3479.94 
04/14/17,3486.50 
04/13/17,3514.57 
04/12/17,3509.44 
04/11/17,3517.33 
04/10/17,3505.14 
04/07/17,3517.46 
04/06/17,3514.05 
04/05/17,3503.89 
03/31/17,3456.05 
03/30/17,3436.76 
03/29/17,3465.19 
03/28/17,3469.81 
03/27/17,3478.04 
03/24/17,3489.60 
03/23/17,3461.98 
03/22/17,3450.05 
03/21/17,3466.35 
03/20/17,3449.61 
03/17/17,3445.81 
03/16/17,3481.51 
03/15/17,3463.64 
03/14/17,3456.69 
03/13/17,3458.10 
03/10/17,3427.89 
03/09/17,3426.94 
03/08/17,3448.73 
03/07/17,3453.96 
03/06/17,3446.48 
03/03/17,3427.86 
03/02/17,3435.10 
03/01/17,3458.44 
02/28/17,3452.81 
02/27/17,3446.22 
02/24/17,3473.85 
02/23/17,3473.32 
02/22/17,3489.76 
02/21/17,3482.82 
02/20/17,3471.39 
02/17/17,3421.44 
02/16/17,3440.93 
02/15/17,3421.71 
02/14/17,3435.80 
02/13/17,3436.28 
02/10/17,3413.49 
02/09/17,3396.29 
02/08/17,3383.29 
02/07/17,3365.68 
02/06/17,3373.21 
02/03/17,3364.49 
01/26/17,3387.96 
01/25/17,3375.90 
01/24/17,3364.45 
01/23/17,3364.08 
01/20/17,3354.89 
01/19/17,3329.29 
01/18/17,3339.37 
01/17/17,3326.36 
01/16/17,3319.45 
01/13/17,3319.91 
01/12/17,3317.62 
01/11/17,3334.50 
01/10/17,3358.27 
01/09/17,3363.90 
01/06/17,3347.67 
01/05/17,3367.79 
01/04/17,3368.31 
01/03/17,3342.23 
12/30/16,3310.08 
12/29/16,3297.76 
12/28/16,3301.89 
12/27/16,3316.39 
12/26/16,3322.40 
12/23/16,3307.60 
12/22/16,3335.67 
12/21/16,3338.54 
12/20/16,3309.06 
12/19/16,3328.98 
12/16/16,3346.03 
12/15/16,3340.43 
12/14/16,3378.95 
12/13/16,3405.04 
12/12/16,3409.18 
12/09/16,3493.70 
12/08/16,3470.14 
12/07/16,3475.75 
12/06/16,3459.15 
12/05/16,3469.41 
12/02/16,3528.95 
12/01/16,3565.04 
11/30/16,3538.00 
11/29/16,3564.04 
11/28/16,3535.08 
11/25/16,3521.30 
11/24/16,3488.74 
11/23/16,3474.73 
11/22/16,3468.36 
11/21/16,3441.11 
11/18/16,3417.46 
11/17/16,3436.54 
11/16/16,3429.59 
11/15/16,3429.87 
11/14/16,3430.25 
11/11/16,3417.22 
11/10/16,3390.61 
11/09/16,3353.05 
11/08/16,3371.12 
11/07/16,3356.59 
11/04/16,3354.17 
11/03/16,3365.09 
11/02/16,3333.35 
11/01/16,3359.05 
10/31/16,3336.28 
10/28/16,3340.13 
10/27/16,3345.70 
10/26/16,3354.80 
10/25/16,3367.45 
10/24/16,3367.58 
10/21/16,3327.74 
10/20/16,3318.60 
10/19/16,3316.24 
10/18/16,3321.33 
10/17/16,3277.88 
10/14/16,3305.85 
10/13/16,3302.65 
10/12/16,3300.01 
10/11/16,3306.56 
10/10/16,3293.87 
09/30/16,3253.28 
09/29/16,3244.39 
09/28/16,3230.89 
09/27/16,3240.75 
09/26/16,3220.28 
09/23/16,3275.67 
09/22/16,3291.12 
09/21/16,3266.64 
09/20/16,3257.40 
09/19/16,3263.12 
09/14/16,3238.73 
09/13/16,3260.33 
09/12/16,3262.60 
09/09/16,3318.04 
09/08/16,3339.56 
09/07/16,3340.82 
09/06/16,3342.63 
09/05/16,3319.68 
09/02/16,3314.11 
09/01/16,3301.58 
08/31/16,3327.79 
08/30/16,3311.99 
08/29/16,3307.78 
08/26/16,3307.09 
08/25/16,3308.97 
08/24/16,3329.86 
08/23/16,3341.83 
08/22/16,3336.79 
08/19/16,3365.02 
08/18/16,3364.49 
08/17/16,3373.05 
08/16/16,3378.25 
08/15/16,3393.42 
08/12/16,3294.23 
08/11/16,3233.36 
08/10/16,3243.34 
08/09/16,3256.98 
08/08/16,3234.18 
08/05/16,3205.11 
08/04/16,3201.29 
08/03/16,3193.51 
08/02/16,3189.05 
08/01/16,3176.81 
07/29/16,3203.93 
07/28/16,3221.14 
07/27/16,3218.24 
07/26/16,3269.59 
07/25/16,3230.89 
07/22/16,3225.16 
07/21/16,3252.52 
07/20/16,3237.61 
07/19/16,3248.23 
07/18/16,3262.02 
07/15/16,3276.28 
07/14/16,3276.76 
07/13/16,3282.87 
07/12/16,3273.18 
07/11/16,3203.33 
07/08/16,3192.28 
07/07/16,3209.95 
07/06/16,3216.80 
07/05/16,3207.38 
07/04/16,3204.70 
07/01/16,3154.20 
06/30/16,3153.92 
06/29/16,3151.39 
06/28/16,3136.40 
06/27/16,3120.54 
06/24/16,3077.16 
06/23/16,3117.32 
06/22/16,3133.96 
06/21/16,3106.32 
06/20/16,3112.67 
06/17/16,3110.36 
06/16/16,3094.67 
06/15/16,3116.37 
06/14/16,3075.98 
06/13/16,3066.34 
06/08/16,3163.99 
06/07/16,3177.05 
06/06/16,3178.79 
06/03/16,3189.33 
06/02/16,3167.10 
06/01/16,3160.55 
05/31/16,3169.56 
05/30/16,3066.71 
05/27/16,3062.50 
05/26/16,3064.21 
05/25/16,3059.23 
05/24/16,3063.56 
05/23/16,3087.22 
05/20/16,3078.22 
05/19/16,3062.50 
05/18/16,3068.04 
05/17/16,3086.02 
05/16/16,3095.31 
05/13/16,3074.94 
05/12/16,3090.14 
05/11/16,3082.81 
05/10/16,3069.11 
05/09/16,3065.62 
05/06/16,3130.35 
05/05/16,3213.92 
05/04/16,3209.46 
05/03/16,3213.54 
04/29/16,3156.75 
04/28/16,3160.58 
04/27/16,3165.92 
04/26/16,3179.16 
04/25/16,3162.03 
04/22/16,3174.90 
04/21/16,3160.60 
04/20/16,3181.03 
04/19/16,3238.30 
04/18/16,3228.45 
04/15/16,3272.21 
04/14/16,3275.83 
04/13/16,3261.38 
04/12/16,3218.45 
04/11/16,3230.10 
04/08/16,3185.73 
04/07/16,3209.29 
04/06/16,3257.53 
04/05/16,3264.49 
04/01/16,3221.89 
03/31/16,3218.09 
03/30/16,3216.28 
03/29/16,3135.41 
03/28/16,3169.73 
03/25/16,3197.82 
03/24/16,3181.85 
03/23/16,3236.09 
03/22/16,3225.79 
03/21/16,3249.44 
03/18/16,3171.96 
03/17/16,3124.20 
03/16/16,3090.03 
03/15/16,3074.78 
03/14/16,3065.69 
03/11/16,3018.28 
03/10/16,3013.15 
03/09/16,3071.91 
03/08/16,3107.67 
03/07/16,3104.84 
03/04/16,3093.89 
03/03/16,3058.42 
03/02/16,3051.33 
03/01/16,2930.69 
02/29/16,2877.47 
02/26/16,2948.03 
02/25/16,2918.75 
02/24/16,3109.55 
02/23/16,3089.36 
02/22/16,3118.87 
02/19/16,3051.59 
02/18/16,3053.70 
02/17/16,3063.32 
02/16/16,3037.04 
02/15/16,2946.71 
02/05/16,2963.79 
02/04/16,2984.76 
02/03/16,2948.64 
02/02/16,2961.33 
02/01/16,2901.05 
01/29/16,2946.09 
01/28/16,2853.76 
01/27/16,2930.35 
01/26/16,2940.51 
01/25/16,3128.89 
01/22/16,3113.46 
01/21/16,3081.35 
01/20/16,3174.38 
01/19/16,3223.13 
01/18/16,3130.73 
01/15/16,3118.73 
01/14/16,3221.57 
01/13/16,3155.88 
01/12/16,3215.71 
01/11/16,3192.45 
01/08/16,3361.56 
01/07/16,3294.38 
01/06/16,3539.81 
01/05/16,3478.78 
01/04/16,3469.07 
12/31/15,3731.00 
12/30/15,3765.18 
12/29/15,3761.87 
12/28/15,3727.63 
12/25/15,3838.20 
12/24/15,3829.40 
12/23/15,3866.38 
12/22/15,3876.73 
12/21/15,3865.96 
12/18/15,3767.91 
12/17/15,3755.89 
12/16/15,3685.44 
12/15/15,3694.39 
12/14/15,3711.32 
12/11/15,3608.06 
12/10/15,3623.08 
12/09/15,3635.94 
12/08/15,3623.02 
12/07/15,3687.61 
12/04/15,3677.59 
12/03/15,3749.30 
12/02/15,3721.95 
12/01/15,3591.70 
11/30/15,3566.41 
11/27/15,3556.99 
11/26/15,3759.43 
11/25/15,3781.61 
11/24/15,3753.89 
11/23/15,3753.34 
11/20/15,3774.38 
11/19/15,3774.97 
11/18/15,3715.58 
11/17/15,3758.39 
11/16/15,3764.13 
11/13/15,3746.24 
11/12/15,3795.32 
11/11/15,3833.65 
11/10/15,3833.24 
11/09/15,3840.35 
11/06/15,3793.37 
11/05/15,3705.97 
11/04/15,3628.54 
11/03/15,3465.49 
11/02/15,3475.96 
10/30/15,3534.08 
10/29/15,3533.31 
10/28/15,3524.92 
10/27/15,3592.88 
10/26/15,3589.26 
10/23/15,3571.24 
10/22/15,3524.53 
10/21/15,3473.25 
10/20/15,3577.70 
10/19/15,3534.18 
10/16/15,3534.07 
10/15/15,3486.82 
10/14/15,3406.11 
10/13/15,3445.04 
10/12/15,3447.69 
10/09/15,3340.12 
10/08/15,3296.48 
09/30/15,3202.95 
09/29/15,3178.85 
09/28/15,3242.75 
09/25/15,3231.95 
09/24/15,3285.00 
09/23/15,3263.03 
09/22/15,3339.03 
09/21/15,3308.25 
09/18/15,3251.27 
09/17/15,3237.00 
09/16/15,3309.25 
09/15/15,3152.23 
09/14/15,3281.13 
09/11/15,3347.19 
09/10/15,3357.56 
09/09/15,3399.31 
09/08/15,3334.02 
09/07/15,3250.49 
09/02/15,3365.83 
09/01/15,3362.08 
08/31/15,3366.54 
08/28/15,3342.29 
08/27/15,3205.64 
08/26/15,3025.69 
08/25/15,3042.93 
08/24/15,3275.53 
08/21/15,3589.54 
08/20/15,3761.45 
08/19/15,3886.14 
08/18/15,3825.41 
08/17/15,4077.87 
08/14/15,4073.54 
08/13/15,4075.46 
08/12/15,4016.13 
08/11/15,4066.67 
08/10/15,4084.36 
08/07/15,3906.94 
08/06/15,3831.85 
08/05/15,3866.90 
08/04/15,3948.16 
08/03/15,3829.24 
07/31/15,3816.70 
07/30/15,3815.41 
07/29/15,3930.38 
07/28/15,3811.09 
07/27/15,3818.73 
07/24/15,4176.28 
07/23/15,4250.81 
07/22/15,4157.16 
07/21/15,4166.01 
07/20/15,4160.61 
07/17/15,4151.50 
07/16/15,3997.36 
07/15/15,3966.76 
07/14/15,4112.15 
07/13/15,4211.81 
07/10/15,4106.56 
07/09/15,3897.63 
07/08/15,3663.04 
07/07/15,3928.00 
07/06/15,3998.54 
07/03/15,3885.92 
07/02/15,4108.00 
07/01/15,4253.02 
06/30/15,4473.00 
06/29/15,4191.55 
06/26/15,4336.19 
06/25/15,4706.52 
06/24/15,4880.13 
06/23/15,4786.09 
06/19/15,4637.05 
06/18/15,4930.55 
06/17/15,5138.83 
06/16/15,5064.82 
06/15/15,5221.17 
06/12/15,5335.12 
06/11/15,5306.59 
06/10/15,5309.11 
06/09/15,5317.46 
06/08/15,5353.75 
06/05/15,5230.55 
06/04/15,5181.42 
06/03/15,5143.59 
06/02/15,5161.87 
06/01/15,5076.18 
05/29/15,4840.83 
05/28/15,4834.01 
05/27/15,5181.43 
05/26/15,5198.92 
05/25/15,5099.50 
05/22/15,4951.34 
05/21/15,4840.98 
05/20/15,4754.92 
05/19/15,4731.22 
05/18/15,4575.14 
05/15/15,4617.47 
05/14/15,4700.78 
05/13/15,4718.44 
05/12/15,4747.42 
05/11/15,4690.53 
05/08/15,4558.40 
05/07/15,4470.09 
05/06/15,4553.33 
05/05/15,4596.84 
05/04/15,4787.74 
04/30/15,4749.89 
04/29/15,4774.33 
04/28/15,4741.86 
04/27/15,4807.59 
04/24/15,4702.64 
04/23/15,4740.89 
04/22/15,4739.81 
04/21/15,4619.16 
04/20/15,4521.92 
04/17/15,4596.14 
04/16/15,4513.55 
04/15/15,4380.51 
04/14/15,4438.18 
04/13/15,4421.07 
04/10/15,4344.42 
04/09/15,4262.14 
04/08/15,4295.80 
04/07/15,4260.04 
04/03/15,4170.54 
04/02/15,4124.78 
04/01/15,4123.90 
03/31/15,4051.20 
03/30/15,4088.18 
03/27/15,3971.70 
03/26/15,3950.00 
03/25/15,3940.41 
03/24/15,3973.05 
03/23/15,3972.06 
03/20/15,3892.57 
03/19/15,3839.74 
03/18/15,3846.06 
03/17/15,3757.12 
03/16/15,3705.67 
03/13/15,3617.66 
03/12/15,3592.84 
03/11/15,3524.65 
03/10/15,3520.61 
03/09/15,3537.75 
03/06/15,3478.52 
03/05/15,3496.34 
03/04/15,3530.82 
03/03/15,3507.90 
03/02/15,3601.27 
02/27/15,3572.84 
02/26/15,3566.30 
02/25/15,3478.73 
02/17/15,3522.32 
02/16/15,3499.48 
02/13/15,3469.83 
02/12/15,3442.87 
02/11/15,3434.12 
02/10/15,3406.94 
02/09/15,3345.92 
02/06/15,3312.42 
02/05/15,3366.95 
02/04/15,3401.77 
02/03/15,3437.45 
02/02/15,3353.96 
01/30/15,3434.39 
01/29/15,3481.80 
01/28/15,3525.32 
01/27/15,3574.93 
01/26/15,3607.99 
01/23/15,3571.73 
01/22/15,3567.61 
01/21/15,3548.89 
01/20/15,3396.22 
01/19/15,3355.16 
01/16/15,3635.15 
01/15/15,3604.12 
01/14/15,3502.42 
01/13/15,3514.04 
01/12/15,3513.58 
01/09/15,3546.72 
01/08/15,3559.26 
01/07/15,3643.79 
01/06/15,3641.06 
01/05/15,3641.54 
12/31/14,3533.71 
12/30/14,3457.55 
12/29/14,3455.46 
12/26/14,3445.84 
12/25/14,3335.42 
12/24/14,3230.39 
12/23/14,3324.92 
12/22/14,3394.48 
12/19/14,3383.17 
12/18/14,3345.93 
12/17/14,3360.60 
12/16/14,3303.40 
12/15/14,3217.23 
12/12/14,3193.23 
12/11/14,3183.01 
12/10/14,3221.55 
12/09/14,3106.91 
12/08/14,3252.88 
12/05/14,3124.89 
12/04/14,3104.35 
12/03/14,2967.55 
12/02/14,2923.94 
12/01/14,2819.81 
11/28/14,2808.82 
11/27/14,2754.49 
11/26/14,2723.02 
11/25/14,2685.56 
11/24/14,2649.26 
11/21/14,2583.46 
11/20/14,2537.10 
11/19/14,2537.22 
11/18/14,2541.42 
11/17/14,2567.10 
11/14/14,2581.09 
11/13/14,2579.75 
11/12/14,2594.32 
11/11/14,2558.61 
11/10/14,2565.73 
11/07/14,2502.15 
11/06/14,2506.07 
11/05/14,2503.45 
11/04/14,2513.17 
11/03/14,2512.55 
10/31/14,2508.33 
10/30/14,2468.93 
10/29/14,2451.38 
10/28/14,2416.65 
10/27/14,2368.83 
10/24/14,2390.71 
10/23/14,2395.94 
10/22/14,2418.64 
10/21/14,2433.39 
10/20/14,2454.71 
10/17/14,2441.73 
10/16/14,2444.40 
10/15/14,2463.87 
10/14/14,2446.56 
10/13/14,2454.95 
10/10/14,2466.79 
10/09/14,2481.96 
10/08/14,2478.38 
09/30/14,2450.99 
09/29/14,2447.80 
09/26/14,2437.20 
09/25/14,2436.97 
09/24/14,2441.86 
09/23/14,2399.46 
09/22/14,2378.92 
09/19/14,2425.21 
09/18/14,2408.66 
09/17/14,2401.33 
09/16/14,2388.77 
09/15/14,2437.19 
09/12/14,2438.36 
09/11/14,2423.45 
09/10/14,2432.43 
09/09/14,2445.22 
09/05/14,2449.26 
09/04/14,2426.22 
09/03/14,2408.84 
09/02/14,2386.46 
09/01/14,2355.32 
08/29/14,2338.29 
08/28/14,2311.28 
08/27/14,2327.60 
08/26/14,2324.09 
08/25/14,2342.86 
08/22/14,2365.36 
08/21/14,2354.24 
08/20/14,2366.14 
08/19/14,2374.77 
08/18/14,2374.56 
08/15/14,2360.64 
08/14/14,2335.95 
08/13/14,2358.90 
08/12/14,2357.05 
08/11/14,2365.35 
08/08/14,2331.13 
08/07/14,2327.46 
08/06/14,2363.22 
08/05/14,2369.35 
08/04/14,2375.62 
08/01/14,2329.40 
07/31/14,2350.25 
07/30/14,2322.01 
07/29/14,2331.37 
07/28/14,2323.90 
07/25/14,2260.45 
07/24/14,2237.02 
07/23/14,2197.83 
07/22/14,2192.70 
07/21/14,2166.30 
07/18/14,2164.14 
07/17/14,2157.07 
07/16/14,2170.87 
07/15/14,2174.98 
07/14/14,2171.76 
07/11/14,2148.01 
07/10/14,2142.85 
07/09/14,2148.71 
07/08/14,2180.47 
07/07/14,2176.29 
07/04/14,2178.70 
07/03/14,2180.19 
07/02/14,2170.87 
07/01/14,2164.56 
06/30/14,2165.12 
06/27/14,2150.26 
06/26/14,2149.08 
06/25/14,2133.37 
06/24/14,2144.82 
06/23/14,2134.11 
06/20/14,2136.73 
06/19/14,2126.91 
06/18/14,2160.24 
06/17/14,2169.67 
06/16/14,2191.86 
06/13/14,2176.24 
06/12/14,2153.41 
06/11/14,2160.77 
06/10/14,2161.27 
06/09/14,2134.28 
06/06/14,2134.72 
06/05/14,2150.60 
06/04/14,2128.27 
06/03/14,2149.92 
05/30/14,2156.46 
05/29/14,2155.16 
05/28/14,2169.35 
05/27/14,2147.28 
05/26/14,2155.98 
05/23/14,2148.41 
05/22/14,2130.87 
05/21/14,2135.91 
05/20/14,2115.77 
05/19/14,2115.14 
05/16/14,2145.95 
05/15/14,2144.08 
05/14/14,2172.37 
05/13/14,2174.85 
05/12/14,2180.05 
05/09/14,2133.91 
05/08/14,2135.50 
05/07/14,2137.32 
05/06/14,2157.33 
05/05/14,2156.47 
04/30/14,2158.66 
04/29/14,2158.47 
04/28/14,2134.97 
04/25/14,2167.83 
04/24/14,2190.47 
04/23/14,2194.67 
04/22/14,2196.80 
04/21/14,2187.25 
04/18/14,2224.48 
04/17/14,2224.80 
04/16/14,2232.53 
04/15/14,2229.46 
04/14/14,2268.61 
04/11/14,2270.67 
04/10/14,2273.76 
04/09/14,2238.62 
04/08/14,2237.32 
04/04/14,2185.47 
04/03/14,2165.01 
04/02/14,2180.73 
04/01/14,2163.12 
03/31/14,2146.31 
03/28/14,2151.97 
03/27/14,2155.71 
03/26/14,2171.05 
03/25/14,2174.44 
03/24/14,2176.55 
03/21/14,2158.80 
03/20/14,2086.97 
03/19/14,2120.87 
03/18/14,2138.13 
03/17/14,2143.04 
03/14/14,2122.84 
03/13/14,2140.33 
03/12/14,2114.13 
03/11/14,2108.66 
03/10/14,2097.79 
03/07/14,2168.36 
03/06/14,2173.63 
03/05/14,2163.98 
03/04/14,2184.27 
03/03/14,2190.37 
02/28/14,2178.97 
02/27/14,2154.11 
02/26/14,2163.41 
02/25/14,2157.91 
02/24/14,2214.51 
02/21/14,2264.29 
02/20/14,2287.44 
02/19/14,2308.66 
02/18/14,2282.44 
02/17/14,2311.65 
02/14/14,2295.58 
02/13/14,2279.55 
02/12/14,2291.25 
02/11/14,2285.56 
02/10/14,2267.53 
02/07/14,2212.48 
01/30/14,2202.45 
01/29/14,2227.78 
01/28/14,2219.86 
01/27/14,2215.92 
01/24/14,2245.68 
01/23/14,2231.89 
01/22/14,2243.80 
01/21/14,2187.41 
01/20/14,2165.99 
01/17/14,2178.49 
01/16/14,2211.84 
01/15/14,2208.94 
01/14/14,2212.85 
01/13/14,2193.68 
01/10/14,2204.85 
01/09/14,2222.22 
01/08/14,2241.91 
01/07/14,2238.00 
01/06/14,2238.64 
01/03/14,2290.78 
01/02/14,2321.98 
12/31/13,2330.03 
12/30/13,2299.46 
12/27/13,2303.48 
12/26/13,2265.33 
12/25/13,2305.11 
12/24/13,2288.25 
12/23/13,2284.60 
12/20/13,2278.14 
12/19/13,2332.41 
12/18/13,2357.23 
12/17/13,2356.38 
12/16/13,2367.92 
12/13/13,2406.64 
12/12/13,2410.02 
12/11/13,2412.76 
12/10/13,2453.32 
12/09/13,2450.87 
12/06/13,2452.29 
12/05/13,2468.20 
12/04/13,2475.14 
12/03/13,2442.78 
12/02/13,2418.79 
11/29/13,2438.94 
11/28/13,2439.53 
11/27/13,2414.48 
11/26/13,2387.42 
11/25/13,2388.63 
11/22/13,2397.96 
11/21/13,2409.99 
11/20/13,2424.85 
11/19/13,2412.16 
11/18/13,2428.90 
11/15/13,2350.73 
11/14/13,2304.50 
11/13/13,2288.12 
11/12/13,2340.00 
11/11/13,2315.89 
11/08/13,2307.95 
11/07/13,2340.55 
11/06/13,2353.57 
11/05/13,2383.77 
11/04/13,2380.45 
11/01/13,2384.96 
10/31/13,2373.72 
10/30/13,2407.47 
10/29/13,2372.05 
10/28/13,2365.95 
10/25/13,2368.56 
10/24/13,2400.51 
10/23/13,2418.49 
10/22/13,2445.89 
10/21/13,2471.32 
10/18/13,2426.05 
10/17/13,2413.33 
10/16/13,2421.37 
10/15/13,2467.52 
10/14/13,2472.54 
10/11/13,2468.51 
10/10/13,2429.32 
10/09/13,2453.58 
10/08/13,2441.81 
09/30/13,2409.04 
09/27/13,2394.97 
09/26/13,2384.44 
09/25/13,2429.03 
09/24/13,2443.89 
09/23/13,2472.29 
09/18/13,2432.51 
09/17/13,2427.32 
09/16/13,2478.39 
09/13/13,2488.90 
09/12/13,2507.46 
09/11/13,2482.89 
09/10/13,2474.89 
09/09/13,2440.61 
09/06/13,2357.78 
09/05/13,2341.74 
09/04/13,2350.70 
09/03/13,2354.50 
09/02/13,2320.34 
08/30/13,2313.91 
08/29/13,2318.31 
08/28/13,2328.06 
08/27/13,2340.88 
08/26/13,2335.62 
08/23/13,2286.93 
08/22/13,2303.93 
08/21/13,2308.59 
08/20/13,2312.47 
08/19/13,2331.43 
08/16/13,2304.14 
08/15/13,2321.58 
08/14/13,2349.08 
08/13/13,2359.07 
08/12/13,2352.79 
08/09/13,2286.01 
08/08/13,2276.78 
08/07/13,2280.62 
08/06/13,2293.64 
08/05/13,2278.33 
08/02/13,2247.26 
08/01/13,2245.36 
07/31/13,2193.02 
07/30/13,2189.39 
07/29/13,2175.97 
07/26/13,2224.01 
07/25/13,2237.68 
07/24/13,2249.15 
07/23/13,2265.85 
07/22/13,2202.19 
07/19/13,2190.48 
07/18/13,2245.33 
07/17/13,2282.84 
07/16/13,2317.85 
07/15/13,2307.30 
07/12/13,2275.37 
07/11/13,2326.69 
07/10/13,2224.07 
07/09/13,2162.67 
07/08/13,2163.62 
07/05/13,2226.85 
07/04/13,2221.98 
07/03/13,2203.83 
07/02/13,2221.98 
07/01/13,2213.32 
06/28/13,2200.64 
06/27/13,2160.74 
06/26/13,2168.30 
06/25/13,2165.42 
06/24/13,2171.21 
06/21/13,2317.39 
06/20/13,2321.47 
06/19/13,2400.77 
06/18/13,2418.75 
06/17/13,2403.84 
06/14/13,2416.77 
06/13/13,2399.94 
06/07/13,2484.16 
06/06/13,2527.85 
06/05/13,2560.54 
06/04/13,2565.67 
06/03/13,2602.62 
05/31/13,2606.43 
05/30/13,2634.32 
05/29/13,2642.56 
05/28/13,2644.36 
05/27/13,2599.59 
05/24/13,2597.23 
05/23/13,2582.85 
05/22/13,2618.03 
05/21/13,2614.85 
05/20/13,2609.61 
05/17/13,2592.05 
05/16/13,2552.71 
05/15/13,2506.93 
05/14/13,2493.34 
05/13/13,2530.77 
05/10/13,2540.84 
05/09/13,2527.79 
05/08/13,2542.80 
05/07/13,2529.94 
05/06/13,2525.98 
05/03/13,2492.91 
05/02/13,2449.64 
04/26/13,2447.31 
04/25/13,2467.88 
04/24/13,2495.58 
04/23/13,2449.47 
04/22/13,2530.67 
04/19/13,2533.83 
04/18/13,2464.85 
04/17/13,2458.47 
04/16/13,2459.59 
04/15/13,2436.82 
04/12/13,2462.11 
04/11/13,2477.88 
04/10/13,2485.31 
04/09/13,2489.43 
04/08/13,2472.30 
04/03/13,2483.55 
04/02/13,2486.39 
04/01/13,2493.19 
03/29/13,2495.08 
03/28/13,2499.30 
03/27/13,2583.53 
03/26/13,2575.05 
03/25/13,2613.10 
03/22/13,2618.31 
03/21/13,2614.99 
03/20/13,2610.17 
03/19/13,2525.10 
03/18/13,2502.49 
03/15/13,2539.87 
03/14/13,2534.27 
03/13/13,2527.49 
03/12/13,2555.62 
03/11/13,2592.37 
03/08/13,2606.93 
03/07/13,2619.48 
03/06/13,2650.20 
03/05/13,2622.81 
03/04/13,2545.72 
03/01/13,2668.84 
02/28/13,2673.33 
02/27/13,2594.68 
02/26/13,2567.60 
02/25/13,2604.96 
02/22/13,2596.60 
02/21/13,2610.55 
02/20/13,2702.64 
02/19/13,2685.61 
02/18/13,2737.47 
02/08/13,2771.73 
02/07/13,2759.87 
02/06/13,2775.84 
02/05/13,2771.68 
02/04/13,2748.03 
02/01/13,2743.32 
01/31/13,2686.88 
01/30/13,2688.71 
01/29/13,2675.87 
01/28/13,2651.86 
01/25/13,2571.67 
01/24/13,2582.76 
01/23/13,2607.46 
01/22/13,2596.90 
01/21/13,2610.90 
01/18/13,2595.44 
01/17/13,2552.76 
01/16/13,2577.09 
01/15/13,2595.86 
01/14/13,2577.73 
01/11/13,2483.23 
01/10/13,2530.57 
01/09/13,2526.13 
01/08/13,2525.33 
01/07/13,2535.99 
01/04/13,2524.41 
12/31/12,2522.95 
12/28/12,2480.05 
12/27/12,2444.59 
12/26/12,2457.62 
12/25/12,2448.40 
12/24/12,2381.22 
12/21/12,2372.00 
12/20/12,2384.82 
12/19/12,2371.11 
12/18/12,2368.12 
12/17/12,2366.70 
12/14/12,2355.87 
12/13/12,2242.64 
12/12/12,2267.77 
12/11/12,2258.50 
12/10/12,2271.05 
12/07/12,2246.76 
12/06/12,2203.60 
12/05/12,2207.88 
12/04/12,2131.47 
12/03/12,2108.85 
11/30/12,2139.66 
11/29/12,2115.68 
11/28/12,2129.16 
11/27/12,2150.64 
11/26/12,2175.60 
11/23/12,2192.68 
11/22/12,2177.55 
11/21/12,2194.90 
11/20/12,2164.88 
11/19/12,2174.99 
11/16/12,2177.24 
11/15/12,2193.62 
11/14/12,2223.11 
11/13/12,2212.44 
11/12/12,2251.85 
11/09/12,2240.92 
11/08/12,2245.41 
11/07/12,2287.51 
11/06/12,2292.21 
11/05/12,2301.88 
11/02/12,2306.77 
11/01/12,2297.88 
10/31/12,2254.82 
10/30/12,2239.88 
10/29/12,2235.85 
10/26/12,2247.91 
10/25/12,2291.24 
10/24/12,2307.78 
10/23/12,2312.08 
10/22/12,2341.59 
10/19/12,2332.47 
10/18/12,2336.08 
10/17/12,2300.80 
10/16/12,2298.16 
10/15/12,2294.86 
10/12/12,2304.53 
10/11/12,2302.53 
10/10/12,2324.12 
10/09/12,2320.16 
10/08/12,2270.05 
09/28/12,2293.11 
09/27/12,2251.72 
09/26/12,2184.89 
09/25/12,2210.15 
09/24/12,2215.52 
09/21/12,2199.06 
09/20/12,2195.95 
09/19/12,2246.24 
09/18/12,2235.24 
09/17/12,2258.71 
09/14/12,2315.54 
09/13/12,2298.46 
09/12/12,2320.07 
09/11/12,2311.89 
09/10/12,2326.67 
09/07/12,2317.18 
09/06/12,2217.82 
09/05/12,2199.88 
09/04/12,2204.41 
09/03/12,2228.37 
08/31/12,2204.87 
08/30/12,2211.37 
08/29/12,2214.81 
08/28/12,2238.41 
08/27/12,2228.20 
08/24/12,2275.68 
08/23/12,2302.20 
08/22/12,2295.59 
08/21/12,2313.70 
08/20/12,2301.79 
08/17/12,2313.48 
08/16/12,2319.67 
08/15/12,2331.62 
08/14/12,2357.02 
08/13/12,2351.93 
08/10/12,2399.75 
08/09/12,2411.70 
08/08/12,2389.80 
08/07/12,2388.87 
08/06/12,2385.61 
08/03/12,2353.74 
08/02/12,2334.88 
08/01/12,2358.65 
07/31/12,2332.92 
07/30/12,2335.79 
07/27/12,2349.11 
07/26/12,2347.49 
07/25/12,2360.08 
07/24/12,2375.99 
07/23/12,2365.43 
07/20/12,2398.46 
07/19/12,2424.32 
07/18/12,2414.34 
07/17/12,2414.20 
07/16/12,2399.73 
07/13/12,2450.63 
07/12/12,2449.18 
07/11/12,2425.57 
07/10/12,2406.71 
07/09/12,2416.04 
07/06/12,2472.61 
07/05/12,2430.37 
07/04/12,2464.92 
07/03/12,2468.72 
07/02/12,2465.24 
06/29/12,2461.61 
06/28/12,2425.73 
06/27/12,2447.20 
06/26/12,2454.92 
06/25/12,2456.52 
06/21/12,2512.19 
06/20/12,2552.61 
06/19/12,2558.62 
06/18/12,2581.21 
06/15/12,2568.05 
06/14/12,2560.42 
06/13/12,2580.64 
06/12/12,2540.18 
06/11/12,2558.27 
06/08/12,2524.33 
06/07/12,2542.18 
06/06/12,2557.40 
06/05/12,2558.84 
06/04/12,2559.03 
06/01/12,2633.00 
05/31/12,2632.04 
05/30/12,2642.26 
05/29/12,2650.85 
05/28/12,2614.69 
05/25/12,2573.10 
05/24/12,2595.26 
05/23/12,2616.87 
05/22/12,2627.53 
05/21/12,2587.23 
05/18/12,2573.98 
05/17/12,2613.94 
05/16/12,2574.65 
05/15/12,2617.37 
05/14/12,2615.53 
05/11/12,2636.92 
05/10/12,2657.21 
05/09/12,2657.51 
05/08/12,2709.12 
05/07/12,2717.78 
05/04/12,2715.88 
05/03/12,2691.52 
05/02/12,2683.49 
04/27/12,2626.16 
04/26/12,2631.49 
04/25/12,2625.99 
04/24/12,2604.87 
04/23/12,2606.04 
04/20/12,2626.84 
04/19/12,2596.06 
04/18/12,2599.91 
04/17/12,2541.88 
04/16/12,2574.04 
04/13/12,2580.45 
04/12/12,2570.44 
04/11/12,2520.04 
04/10/12,2519.79 
04/09/12,2495.15 
04/06/12,2519.83 
04/05/12,2512.83 
03/30/12,2454.90 
03/29/12,2443.12 
03/28/12,2474.90 
03/27/12,2547.14 
03/26/12,2555.44 
03/23/12,2552.94 
03/22/12,2583.75 
03/21/12,2587.79 
03/20/12,2584.45 
03/19/12,2630.01 
03/16/12,2623.52 
03/15/12,2585.55 
03/14/12,2605.11 
03/13/12,2681.07 
03/12/12,2654.40 
03/09/12,2664.30 
03/08/12,2635.79 
03/07/12,2603.01 
03/06/12,2621.05 
03/05/12,2662.70 
03/02/12,2679.93 
03/01/12,2633.35 
02/29/12,2634.14 
02/28/12,2662.46 
02/27/12,2656.57 
02/24/12,2648.02 
02/23/12,2606.26 
02/22/12,2597.48 
02/21/12,2562.45 
02/20/12,2540.71 
02/17/12,2537.09 
02/16/12,2536.07 
02/15/12,2549.61 
02/14/12,2522.11 
02/13/12,2531.98 
02/10/12,2533.62 
02/09/12,2529.23 
02/08/12,2528.24 
02/07/12,2457.95 
02/06/12,2504.32 
02/03/12,2506.09 
02/02/12,2486.24 
02/01/12,2428.99 
01/31/12,2464.26 
01/30/12,2460.72 
01/20/12,2504.09 
01/19/12,2468.35 
01/18/12,2422.19 
01/17/12,2460.60 
01/16/12,2345.65 
01/13/12,2394.33 
01/12/12,2435.22 
01/11/12,2435.61 
01/10/12,2447.35 
01/09/12,2368.57 
01/06/12,2290.60 
01/05/12,2276.39 
01/04/12,2298.75 
12/30/11,2345.74 
12/29/11,2311.36 
12/28/11,2307.93 
12/27/11,2305.04 
12/26/11,2335.70 
12/23/11,2359.16 
12/22/11,2341.34 
12/21/11,2339.11 
12/20/11,2377.07 
12/19/11,2384.41 
12/16/11,2390.13 
12/15/11,2340.79 
12/14/11,2397.48 
12/13/11,2421.93 
12/12/11,2477.69 
12/09/11,2503.46 
12/08/11,2525.00 
12/07/11,2528.23 
12/06/11,2516.34 
12/05/11,2521.39 
12/02/11,2557.31 
12/01/11,2583.61 
11/30/11,2521.52 
11/29/11,2608.57 
11/28/11,2573.32 
11/25/11,2569.97 
11/24/11,2588.92 
11/23/11,2584.01 
11/22/11,2609.48 
11/21/11,2609.69 
11/18/11,2606.50 
11/17/11,2662.02 
11/16/11,2670.12 
11/15/11,2744.68 
11/14/11,2750.20 
11/11/11,2695.00 
11/10/11,2699.59 
11/09/11,2751.65 
11/08/11,2727.71 
11/07/11,2736.25 
11/04/11,2763.75 
11/03/11,2744.30 
11/02/11,2742.39 
11/01/11,2697.53 
10/31/11,2695.31 
10/28/11,2709.02 
10/27/11,2657.48 
10/26/11,2651.65 
10/25/11,2625.43 
10/24/11,2576.67 
10/21/11,2507.88 
10/20/11,2520.53 
10/19/11,2583.08 
10/18/11,2592.21 
10/17/11,2666.95 
10/14/11,2653.78 
10/13/11,2662.60 
10/12/11,2644.76 
10/11/11,2551.99 
10/10/11,2557.08 
09/30/11,2581.35 
09/29/11,2588.19 
09/28/11,2610.59 
09/27/11,2637.88 
09/26/11,2610.92 
09/23/11,2669.48 
09/22/11,2685.69 
09/21/11,2771.01 
09/20/11,2689.85 
09/19/11,2679.27 
09/16/11,2733.99 
09/15/11,2729.05 
09/14/11,2733.11 
09/13/11,2720.28 
09/09/11,2751.10 
09/08/11,2756.11 
09/07/11,2779.09 
09/06/11,2723.30 
09/05/11,2743.82 
09/02/11,2803.85 
09/01/11,2834.54 
08/31/11,2846.78 
08/30/11,2841.74 
08/29/11,2852.81 
08/26/11,2901.22 
08/25/11,2903.84 
08/24/11,2810.02 
08/23/11,2821.00 
08/22/11,2777.79 
08/19/11,2807.66 
08/18/11,2834.25 
08/17/11,2886.01 
08/16/11,2897.58 
08/15/11,2917.88 
08/12/11,2875.37 
08/11/11,2866.92 
08/10/11,2824.12 
08/09/11,2798.19 
08/08/11,2793.90 
08/05/11,2897.42 
08/04/11,2960.31 
08/03/11,2954.87 
08/02/11,2956.38 
08/01/11,2977.72 
07/29/11,2972.08 
07/28/11,2981.00 
07/27/11,3000.05 
07/26/11,2977.77 
07/25/11,2968.29 
07/22/11,3067.99 
07/21/11,3059.14 
07/20/11,3091.57 
07/19/11,3095.13 
07/18/11,3122.60 
07/15/11,3128.89 
07/14/11,3115.75 
07/13/11,3106.25 
07/12/11,3056.91 
07/11/11,3113.21 
07/08/11,3109.18 
07/07/11,3101.68 
07/06/11,3113.71 
07/05/11,3122.50 
07/04/11,3121.98 
07/01/11,3049.75 
06/30/11,3044.09 
06/29/11,3000.17 
06/28/11,3041.73 
06/27/11,3036.49 
06/24/11,3027.47 
06/23/11,2957.63 
06/22/11,2908.58 
06/21/11,2909.07 
06/20/11,2874.90 
06/17/11,2892.16 
06/16/11,2917.58 
06/15/11,2963.12 
06/14/11,2993.56 
06/13/11,2950.35 
06/10/11,2961.93 
06/09/11,2951.89 
06/08/11,3008.65 
06/07/11,3004.26 
06/03/11,2986.35 
06/02/11,2955.71 
06/01/11,3004.17 
05/31/11,3001.56 
05/30/11,2954.51 
05/27/11,2963.31 
05/26/11,2978.38 
05/25/11,2990.34 
05/24/11,3026.22 
05/23/11,3022.98 
05/20/11,3121.60 
05/19/11,3120.64 
05/18/11,3139.38 
05/17/11,3116.03 
05/16/11,3100.46 
05/13/11,3128.09 
05/12/11,3101.60 
05/11/11,3145.09 
05/10/11,3153.22 
05/09/11,3129.76 
05/06/11,3121.40 
05/05/11,3126.12 
05/04/11,3129.03 
05/03/11,3211.13 
04/29/11,3192.72 
04/28/11,3161.78 
04/27/11,3209.50 
04/26/11,3230.96 
04/25/11,3249.57 
04/22/11,3299.94 
04/21/11,3317.37 
04/20/11,3295.76 
04/19/11,3295.81 
04/18/11,3359.44 
04/15/11,3358.94 
04/14/11,3353.56 
04/13/11,3372.03 
04/12/11,3326.77 
04/11/11,3333.43 
04/08/11,3353.36 
04/07/11,3324.42 
04/06/11,3311.07 
04/01/11,3272.73 
03/31/11,3223.29 
03/30/11,3256.08 
03/29/11,3257.98 
03/28/11,3290.57 
03/25/11,3294.48 
03/24/11,3251.36 
03/23/11,3264.93 
03/22/11,3222.96 
03/21/11,3207.11 
03/18/11,3215.69 
03/17/11,3197.10 
03/16/11,3248.20 
03/15/11,3203.96 
03/14/11,3262.92 
03/11/11,3247.38 
03/10/11,3280.26 
03/09/11,3338.86 
03/08/11,3337.46 
03/07/11,3334.51 
03/04/11,3270.67 
03/03/11,3221.72 
03/02/11,3243.30 
03/01/11,3254.89 
02/28/11,3239.56 
02/25/11,3197.62 
02/24/11,3190.94 
02/23/11,3174.74 
02/22/11,3163.58 
02/21/11,3257.91 
02/18/11,3211.88 
02/17/11,3245.91 
02/16/11,3248.53 
02/15/11,3217.67 
02/14/11,3219.14 
02/11/11,3120.96 
02/10/11,3104.16 
02/09/11,3040.95 
02/01/11,3077.28 
01/31/11,3076.51 
01/28/11,3036.74 
01/27/11,3026.47 
01/26/11,2978.43 
01/25/11,2938.65 
01/24/11,2954.23 
01/21/11,2983.46 
01/20/11,2944.71 
01/19/11,3044.85 
01/18/11,2977.65 
01/17/11,2974.35 
01/14/11,3091.86 
01/13/11,3141.28 
01/12/11,3142.34 
01/11/11,3124.92 
01/10/11,3108.19 
01/07/11,3166.62 
01/06/11,3159.64 
01/05/11,3175.66 
01/04/11,3189.68 
12/31/10,3128.26 
12/30/10,3064.10 
12/29/10,3061.83 
12/28/10,3044.93 
12/27/10,3099.71 
12/24/10,3162.96 
12/23/10,3188.61 
12/22/10,3215.45 
12/21/10,3249.51 
12/20/10,3178.66 
12/17/10,3225.66 
12/16/10,3230.67 
12/15/10,3247.64 
12/14/10,3269.47 
12/13/10,3261.06 
12/10/10,3161.98 
12/09/10,3123.37 
12/08/10,3171.88 
12/07/10,3200.34 
12/06/10,3165.57 
12/03/10,3158.16 
12/02/10,3155.06 
12/01/10,3136.02 
11/30/10,3136.99 
11/29/10,3190.05 
11/26/10,3194.85 
11/25/10,3223.48 
11/24/10,3177.04 
11/23/10,3107.18 
11/22/10,3171.94 
11/19/10,3178.85 
11/18/10,3147.96 
11/17/10,3103.91 
11/16/10,3169.54 
11/15/10,3314.89 
11/12/10,3291.83 
11/11/10,3509.98 
11/10/10,3499.11 
11/09/10,3523.95 
11/08/10,3548.57 
11/05/10,3520.80 
11/04/10,3480.50 
11/03/10,3420.34 
11/02/10,3463.13 
11/01/10,3473.00 
10/29/10,3379.98 
10/28/10,3397.69 
10/27/10,3403.87 
10/26/10,3466.08 
10/25/10,3481.08 
10/22/10,3378.66 
10/21/10,3374.69 
10/20/10,3396.88 
10/19/10,3375.67 
10/18/10,3306.16 
10/15/10,3327.68 
10/14/10,3224.14 
10/13/10,3217.58 
10/12/10,3172.73 
10/11/10,3132.90 
10/08/10,3044.23 
09/30/10,2935.57 
09/29/10,2874.81 
09/28/10,2880.91 
09/27/10,2905.03 
09/21/10,2857.48 
09/20/10,2849.83 
09/17/10,2861.37 
09/16/10,2857.79 
09/15/10,2913.19 
09/14/10,2965.01 
09/13/10,2962.32 
09/10/10,2932.55 
09/09/10,2926.46 
09/08/10,2980.97 
09/07/10,2983.11 
09/06/10,2975.09 
09/03/10,2920.21 
09/02/10,2921.39 
09/01/10,2884.04 
08/31/10,2903.19 
08/30/10,2915.01 
08/27/10,2858.57 
08/26/10,2850.09 
08/25/10,2843.02 
08/24/10,2911.83 
08/23/10,2896.19 
08/20/10,2898.33 
08/19/10,2955.40 
08/18/10,2937.36 
08/17/10,2942.29 
08/16/10,2922.08 
08/13/10,2855.55 
08/12/10,2816.39 
08/11/10,2850.21 
08/10/10,2832.64 
08/09/10,2918.24 
08/06/10,2897.66 
08/05/10,2850.83 
08/04/10,2876.43 
08/03/10,2865.97 
08/02/10,2917.27 
07/30/10,2868.85 
07/29/10,2877.98 
07/28/10,2863.72 
07/27/10,2795.72 
07/26/10,2811.05 
07/23/10,2793.08 
07/22/10,2781.29 
07/21/10,2747.34 
07/20/10,2741.50 
07/19/10,2682.47 
07/16/10,2616.13 
07/15/10,2608.52 
07/14/10,2653.61 
07/13/10,2634.59 
07/12/10,2676.22 
07/09/10,2647.10 
07/08/10,2575.92 
07/07/10,2580.48 
07/06/10,2562.90 
07/05/10,2512.65 
07/02/10,2534.10 
07/01/10,2526.07 
06/30/10,2563.07 
06/29/10,2592.02 
06/28/10,2716.78 
06/25/10,2736.29 
06/24/10,2757.50 
06/23/10,2758.50 
06/22/10,2783.72 
06/21/10,2780.66 
06/18/10,2696.17 
06/17/10,2742.73 
06/11/10,2758.87 
06/10/10,2750.02 
06/09/10,2782.13 
06/08/10,2699.34 
06/07/10,2695.72 
06/04/10,2744.39 
06/03/10,2736.08 
06/02/10,2757.53 
06/01/10,2744.16 
05/31/10,2773.26 
05/28/10,2850.30 
05/27/10,2859.98 
05/26/10,2813.94 
05/25/10,2813.94 
05/24/10,2873.47 
05/21/10,2768.79 
05/20/10,2726.02 
05/19/10,2762.17 
05/18/10,2771.35 
05/17/10,2714.72 
05/14/10,2868.02 
05/13/10,2886.91 
05/12/10,2818.16 
05/11/10,2800.82 
05/10/10,2858.23 
05/07/10,2836.79 
05/06/10,2896.86 
05/05/10,3036.39 
05/04/10,3019.45 
04/30/10,3067.37 
04/29/10,3060.06 
04/28/10,3097.35 
04/27/10,3108.41 
04/26/10,3172.00 
04/23/10,3190.00 
04/22/10,3201.54 
04/21/10,3236.68 
04/20/10,3173.37 
04/19/10,3176.42 
04/16/10,3356.33 
04/15/10,3394.57 
04/14/10,3403.71 
04/13/10,3391.72 
04/12/10,3351.48 
04/09/10,3379.17 
04/08/10,3346.74 
04/07/10,3386.95 
04/06/10,3405.15 
04/02/10,3407.35 
04/01/10,3391.94 
03/31/10,3345.61 
03/30/10,3366.71 
03/29/10,3358.54 
03/26/10,3275.00 
03/25/10,3229.13 
03/24/10,3276.67 
03/23/10,3275.57 
03/22/10,3302.63 
03/19/10,3293.87 
03/18/10,3267.55 
03/17/10,3273.92 
03/16/10,3203.97 
03/15/10,3183.18 
03/12/10,3233.13 
03/11/10,3276.71 
03/10/10,3279.69 
03/09/10,3305.86 
03/08/10,3286.18 
03/05/10,3259.76 
03/04/10,3250.57 
03/03/10,3335.08 
03/02/10,3311.24 
03/01/10,3324.42 
02/26/10,3281.67 
02/25/10,3292.13 
02/24/10,3244.48 
02/23/10,3198.63 
02/22/10,3233.35 
02/12/10,3251.28 
02/11/10,3220.40 
02/10/10,3214.13 
02/09/10,3169.19 
02/08/10,3150.99 
02/05/10,3153.09 
02/04/10,3218.80 
02/03/10,3230.72 
02/02/10,3146.19 
02/01/10,3152.71 
01/29/10,3204.16 
01/28/10,3206.57 
01/27/10,3198.57 
01/26/10,3242.80 
01/25/10,3328.01 
01/22/10,3366.20 
01/21/10,3408.57 
01/20/10,3394.43 
01/19/10,3507.48 
01/18/10,3500.68 
01/15/10,3482.74 
01/14/10,3469.05 
01/13/10,3421.14 
01/12/10,3534.92 
01/11/10,3482.05 
01/08/10,3480.13 
01/07/10,3471.46 
01/06/10,3541.73 
01/05/10,3564.04 
01/04/10,3535.23 
12/31/09,3575.68 
12/30/09,3558.86 
12/29/09,3500.74 
12/28/09,3478.43 
12/25/09,3424.78 
12/24/09,3438.82 
12/23/09,3336.48 
12/22/09,3305.54 
12/21/09,3396.62 
12/18/09,3391.74 
12/17/09,3480.15 
12/16/09,3560.72 
12/15/09,3583.34 
12/14/09,3612.75 
12/11/09,3575.02 
12/10/09,3577.24 
12/09/09,3554.48 
12/08/09,3624.02 
12/07/09,3668.83 
12/04/09,3643.49 
12/03/09,3590.88 
12/02/09,3597.33 
12/01/09,3560.83 
11/30/09,3511.67 
11/27/09,3382.51 
11/26/09,3485.77 
11/25/09,3629.63 
11/24/09,3548.08 
11/23/09,3665.51 
11/20/09,3631.01 
11/19/09,3642.44 
11/18/09,3630.23 
11/17/09,3628.35 
11/16/09,3625.80 
11/13/09,3518.72 
11/12/09,3499.99 
11/11/09,3495.67 
11/10/09,3503.78 
11/09/09,3495.79 
11/06/09,3483.02 
11/05/09,3464.32 
11/04/09,3453.89 
11/03/09,3435.43 
11/02/09,3392.80 
10/30/09,3280.37 
10/29/09,3247.05 
10/28/09,3329.33 
10/27/09,3314.72 
10/26/09,3414.24 
10/23/09,3413.25 
10/22/09,3347.32 
10/21/09,3369.28 
10/20/09,3377.57 
10/19/09,3329.16 
10/16/09,3241.71 
10/15/09,3239.64 
10/14/09,3227.40 
10/13/09,3198.52 
10/12/09,3151.63 
10/09/09,3163.71 
09/30/09,3004.80 
09/29/09,2972.29 
09/28/09,2972.64 
09/25/09,3058.53 
09/24/09,3080.93 
09/23/09,3060.07 
09/22/09,3131.03 
09/21/09,3208.60 
09/18/09,3199.69 
09/17/09,3320.10 
09/16/09,3258.24 
09/15/09,3302.64 
09/14/09,3293.39 
09/11/09,3238.13 
09/10/09,3162.91 
09/09/09,3194.91 
09/08/09,3170.97 
09/07/09,3104.21 
09/04/09,3077.14 
09/03/09,3051.96 
09/02/09,2890.93 
09/01/09,2843.70 
08/31/09,2830.27 
08/28/09,3046.78 
08/27/09,3156.30 
08/26/09,3172.39 
08/25/09,3109.83 
08/24/09,3229.60 
08/21/09,3203.62 
08/20/09,3144.39 
08/19/09,3014.57 
08/18/09,3171.99 
08/17/09,3140.27 
08/14/09,3344.46 
08/13/09,3440.82 
08/12/09,3397.40 
08/11/09,3556.38 
08/10/09,3544.54 
08/07/09,3555.10 
08/06/09,3663.12 
08/05/09,3740.94 
08/04/09,3786.62 
08/03/09,3787.03 
07/31/09,3734.62 
07/30/09,3634.82 
07/29/09,3558.51 
07/28/09,3755.82 
07/27/09,3743.63 
07/24/09,3667.56 
07/23/09,3651.97 
07/22/09,3606.92 
07/21/09,3539.83 
07/20/09,3591.12 
07/17/09,3519.81 
07/16/09,3501.24 
07/15/09,3493.30 
07/14/09,3454.75 
07/13/09,3361.01 
07/10/09,3398.31 
07/09/09,3396.30 
07/08/09,3352.27 
07/07/09,3340.49 
07/06/09,3374.75 
07/03/09,3327.14 
07/02/09,3282.36 
07/01/09,3237.90 
06/30/09,3166.47 
06/29/09,3179.97 
06/26/09,3128.42 
06/25/09,3117.92 
06/24/09,3120.73 
06/23/09,3083.90 
06/22/09,3082.56 
06/19/09,3080.00 
06/18/09,3057.43 
06/17/09,3010.59 
06/16/09,2961.22 
06/15/09,2966.19 
06/12/09,2906.29 
06/11/09,2961.63 
06/10/09,2989.60 
06/09/09,2960.56 
06/08/09,2948.48 
06/05/09,2939.31 
06/04/09,2953.75 
06/03/09,2939.39 
06/02/09,2865.10 
06/01/09,2858.34 
05/27/09,2759.71 
05/26/09,2719.76 
05/25/09,2752.72 
05/22/09,2740.68 
05/21/09,2750.01 
05/20/09,2812.87 
05/19/09,2840.08 
05/18/09,2810.57 
05/15/09,2796.12 
05/14/09,2792.60 
05/13/09,2814.00 
05/12/09,2788.56 
05/11/09,2725.32 
05/08/09,2789.22 
05/07/09,2767.08 
05/06/09,2764.98 
05/05/09,2727.01 
05/04/09,2714.30 
04/30/09,2622.93 
04/29/09,2605.37 
04/28/09,2518.53 
04/27/09,2513.29 
04/24/09,2572.89 
04/23/09,2593.56 
04/22/09,2576.28 
04/21/09,2675.44 
04/20/09,2707.67 
04/17/09,2650.69 
04/16/09,2687.11 
04/15/09,2686.99 
04/14/09,2676.87 
04/13/09,2656.52 
04/10/09,2595.53 
04/09/09,2517.67 
04/08/09,2479.35 
04/07/09,2576.95 
04/03/09,2570.50 
04/02/09,2576.40 
04/01/09,2548.22 
03/31/09,2507.79 
03/30/09,2484.49 
03/27/09,2498.93 
03/26/09,2479.79 
03/25/09,2401.33 
03/24/09,2451.78 
03/23/09,2439.39 
03/20/09,2379.84 
03/19/09,2382.56 
03/18/09,2332.65 
03/17/09,2322.40 
03/16/09,2241.61 
03/13/09,2205.42 
03/12/09,2215.70 
03/11/09,2220.38 
03/10/09,2240.78 
03/09/09,2202.53 
03/06/09,2286.58 
03/05/09,2304.92 
03/04/09,2285.15 
03/03/09,2142.15 
03/02/09,2164.67 
02/27/09,2140.49 
02/26/09,2190.19 
02/25/09,2304.25 
02/24/09,2301.85 
02/23/09,2410.48 
02/20/09,2344.32 
02/19/09,2298.41 
02/18/09,2275.84 
02/17/09,2385.29 
02/16/09,2462.25 
02/13/09,2399.06 
02/12/09,2318.34 
02/11/09,2331.14 
02/10/09,2326.75 
02/09/09,2296.67 
02/06/09,2237.28 
02/05/09,2150.97 
02/04/09,2166.41 
02/03/09,2108.91 
02/02/09,2057.06 
01/23/09,2032.68 
01/22/09,2044.55 
01/21/09,2021.71 
01/20/09,2025.19 
01/19/09,2012.47 
01/16/09,1990.21 
01/15/09,1954.87 
01/14/09,1955.24 
01/13/09,1876.19 
01/12/09,1920.69 
01/09/09,1918.37 
01/08/09,1887.99 
01/07/09,1931.18 
01/06/09,1942.80 
01/05/09,1882.96 
12/31/08,1817.72 
12/30/08,1833.44 
12/29/08,1854.76 
12/26/08,1862.10 
12/25/08,1870.77 
12/24/08,1887.08 
12/23/08,1918.96 
12/22/08,2017.55 
12/19/08,2052.11 
12/18/08,2045.10 
12/17/08,2001.42 
12/16/08,1994.45 
12/15/08,1975.03 
12/12/08,1960.38 
12/11/08,2046.34 
12/10/08,2096.39 
12/09/08,2040.85 
12/08/08,2095.04 
12/05/08,2013.18 
12/04/08,1982.93 
12/03/08,1952.67 
12/02/08,1868.63 
12/01/08,1864.21 
11/28/08,1829.92 
11/27/08,1870.47 
11/26/08,1843.50 
11/25/08,1834.29 
11/24/08,1837.64 
11/21/08,1920.74 
11/20/08,1932.43 
11/19/08,1953.16 
11/18/08,1839.82 
11/17/08,1987.23 
11/14/08,1943.65 
11/13/08,1874.08 
11/12/08,1801.82 
11/11/08,1781.36 
11/10/08,1801.67 
11/07/08,1677.83 
11/06/08,1649.78 
11/05/08,1691.42 
11/04/08,1627.76 
11/03/08,1653.54 
10/31/08,1663.66 
10/30/08,1697.66 
10/29/08,1658.22 
10/28/08,1705.82 
10/27/08,1654.67 
10/24/08,1781.60 
10/23/08,1834.78 
10/22/08,1833.32 
10/21/08,1881.41 
10/20/08,1896.73 
10/17/08,1833.26 
10/16/08,1820.90 
10/15/08,1914.36 
10/14/08,1934.62 
10/13/08,1985.49 
10/10/08,1906.96 
10/09/08,1995.30 
10/08/08,2022.88 
10/07/08,2102.45 
10/06/08,2128.70 
09/26/08,2243.66 
09/25/08,2223.53 
09/24/08,2138.85 
09/23/08,2123.48 
09/22/08,2207.61 
09/19/08,2073.11 
09/18/08,1895.99 
09/17/08,1929.14 
09/16/08,2000.65 
09/12/08,2077.85 
09/11/08,2072.13 
09/10/08,2143.18 
09/09/08,2139.14 
09/08/08,2126.52 
09/05/08,2183.43 
09/04/08,2251.15 
09/03/08,2245.96 
09/02/08,2285.41 
09/01/08,2309.17 
08/29/08,2391.64 
08/28/08,2335.86 
08/27/08,2325.29 
08/26/08,2331.53 
08/25/08,2400.55 
08/22/08,2404.93 
08/21/08,2443.98 
08/20/08,2532.94 
08/19/08,2348.47 
08/18/08,2313.40 
08/15/08,2447.61 
08/14/08,2443.51 
08/13/08,2444.67 
08/12/08,2444.15 
08/11/08,2456.81 
08/08/08,2591.46 
08/07/08,2720.44 
08/06/08,2721.69 
08/05/08,2703.08 
08/04/08,2773.15 
08/01/08,2840.79 
07/31/08,2805.21 
07/30/08,2884.38 
07/29/08,2905.63 
07/28/08,2960.85 
07/25/08,2939.20 
07/24/08,2977.36 
07/23/08,2883.32 
07/22/08,2904.74 
07/21/08,2911.05 
07/18/08,2815.46 
07/17/08,2718.07 
07/16/08,2745.60 
07/15/08,2852.98 
07/14/08,2975.87 
07/11/08,2953.50 
07/10/08,2973.73 
07/09/08,3015.13 
07/08/08,2901.84 
07/07/08,2882.76 
07/04/08,2741.85 
07/03/08,2760.61 
07/02/08,2699.60 
07/01/08,2698.35 
06/30/08,2791.82 
06/27/08,2816.02 
06/26/08,2980.91 
06/25/08,2969.54 
06/24/08,2851.92 
06/23/08,2789.94 
06/20/08,2849.67 
06/19/08,2773.08 
06/18/08,2991.27 
06/17/08,2842.68 
06/16/08,2952.24 
06/13/08,2979.12 
06/12/08,3084.63 
06/11/08,3140.30 
06/10/08,3206.56 
06/06/08,3489.50 
06/05/08,3512.14 
06/04/08,3546.92 
06/03/08,3614.11 
06/02/08,3625.83 
05/30/08,3611.33 
05/29/08,3580.87 
05/28/08,3676.23 
05/27/08,3576.20 
05/26/08,3559.22 
05/23/08,3675.15 
05/22/08,3711.44 
05/21/08,3783.05 
05/20/08,3710.82 
05/19/08,3914.07 
05/16/08,3936.12 
05/15/08,3948.09 
05/14/08,3975.78 
05/13/08,3851.69 
05/12/08,3904.92 
05/09/08,3878.92 
05/08/08,3925.04 
05/07/08,3821.32 
05/06/08,4010.89 
05/05/08,4055.78 
04/30/08,3959.12 
04/29/08,3776.94 
04/28/08,3729.15 
04/25/08,3803.07 
04/24/08,3774.50 
04/23/08,3453.73 
04/22/08,3296.28 
04/21/08,3267.55 
04/18/08,3272.50 
04/17/08,3386.63 
04/16/08,3494.02 
04/15/08,3583.30 
04/14/08,3536.33 
04/11/08,3783.73 
04/10/08,3754.72 
04/09/08,3688.13 
04/08/08,3891.06 
04/07/08,3845.82 
04/03/08,3650.70 
04/02/08,3547.98 
04/01/08,3582.86 
03/31/08,3790.53 
03/28/08,3918.16 
03/27/08,3748.92 
03/26/08,3914.37 
03/25/08,3905.77 
03/24/08,3857.09 
03/21/08,4037.83 
03/20/08,4001.83 
03/19/08,3888.86 
03/18/08,3763.95 
03/17/08,3965.28 
03/14/08,4157.87 
03/13/08,4198.96 
03/12/08,4309.65 
03/11/08,4441.18 
03/10/08,4431.59 
03/07/08,4621.69 
03/06/08,4685.03 
03/05/08,4628.72 
03/04/08,4671.15 
03/03/08,4790.74 
02/29/08,4674.55 
02/28/08,4622.06 
02/27/08,4639.77 
02/26/08,4515.53 
02/25/08,4519.78 
02/22/08,4702.24 
02/21/08,4876.03 
02/20/08,4908.72 
02/19/08,5020.75 
02/18/08,4910.99 
02/15/08,4813.31 
02/14/08,4880.25 
02/13/08,4816.08 
02/05/08,4921.83 
02/04/08,4950.12 
02/01/08,4571.94 
01/31/08,4620.40 
01/30/08,4710.65 
01/29/08,4762.08 
01/28/08,4731.88 
01/25/08,5077.43 
01/24/08,5027.21 
01/23/08,4975.11 
01/22/08,4753.87 
01/21/08,5145.73 
01/18/08,5414.47 
01/17/08,5365.62 
01/16/08,5505.72 
01/15/08,5696.45 
01/14/08,5731.76 
01/11/08,5699.15 
01/10/08,5672.15 
01/09/08,5613.76 
01/08/08,5528.05 
01/07/08,5556.59 
01/04/08,5483.65 
01/03/08,5422.03 
01/02/08,5385.10 
12/28/07,5338.28 
12/27/07,5367.53 
12/26/07,5265.03 
12/25/07,5216.81 
12/24/07,5207.13 
12/21/07,5101.85 
12/20/07,5037.19 
12/19/07,4946.29 
12/18/07,4829.91 
12/17/07,4857.29 
12/14/07,4977.65 
12/13/07,4884.30 
12/12/07,5077.39 
12/11/07,5140.00 
12/10/07,5133.56 
12/07/07,5041.35 
12/06/07,4971.06 
12/05/07,4965.95 
12/04/07,4829.21 
12/03/07,4772.67 
11/30/07,4737.41 
11/29/07,4842.07 
11/28/07,4648.75 
11/27/07,4711.15 
11/26/07,4800.08 
11/23/07,4856.16 
11/22/07,4772.62 
11/21/07,4997.62 
11/20/07,5069.38 
11/19/07,4994.42 
11/16/07,5007.66 
11/15/07,5081.11 
11/14/07,5145.89 
11/13/07,4939.24 
11/12/07,4978.25 
11/09/07,5040.52 
11/08/07,5093.67 
11/07/07,5350.63 
11/06/07,5317.55 
11/05/07,5360.31 
11/02/07,5472.93 
11/01/07,5605.23 
10/31/07,5688.54 
10/30/07,5596.07 
10/29/07,5508.36 
10/26/07,5394.81 
10/25/07,5333.79 
10/24/07,5588.01 
10/23/07,5540.09 
10/22/07,5472.68 
10/19/07,5614.06 
10/18/07,5615.75 
10/17/07,5824.12 
10/16/07,5877.20 
10/15/07,5821.45 
10/12/07,5737.22 
10/11/07,5760.08 
10/10/07,5685.76 
10/09/07,5675.93 
10/08/07,5653.14 
09/28/07,5580.81 
09/27/07,5427.66 
09/26/07,5361.02 
09/25/07,5454.62 
09/24/07,5513.90 
09/21/07,5468.10 
09/20/07,5494.92 
09/19/07,5419.27 
09/18/07,5476.84 
09/17/07,5498.91 
09/14/07,5397.28 
09/13/07,5349.97 
09/12/07,5202.86 
09/11/07,5124.09 
09/10/07,5377.22 
09/07/07,5294.80 
09/06/07,5412.04 
09/05/07,5363.25 
09/04/07,5360.33 
09/03/07,5419.17 
08/31/07,5296.81 
08/30/07,5241.23 
08/29/07,5171.82 
08/28/07,5251.77 
08/27/07,5243.15 
08/24/07,5217.58 
08/23/07,5135.93 
08/22/07,5051.69 
08/21/07,4972.71 
08/20/07,4885.43 
08/17/07,4626.58 
08/16/07,4721.94 
08/15/07,4798.75 
08/14/07,4795.57 
08/13/07,4721.19 
08/10/07,4726.68 
08/09/07,4777.29 
08/08/07,4668.09 
08/07/07,4724.55 
08/06/07,4703.98 
08/03/07,4598.38 
08/02/07,4436.19 
08/01/07,4290.48 
07/31/07,4460.56 
07/30/07,4410.30 
07/27/07,4307.14 
07/26/07,4303.19 
07/25/07,4255.46 
07/24/07,4161.35 
07/23/07,4156.72 
07/20/07,3971.88 
07/19/07,3807.00 
07/18/07,3807.57 
07/17/07,3789.65 
07/16/07,3697.97 
07/13/07,3820.12 
07/12/07,3816.92 
07/11/07,3789.87 
07/10/07,3775.62 
07/09/07,3821.30 
07/06/07,3710.28 
07/05/07,3537.44 
07/04/07,3743.58 
07/03/07,3832.23 
07/02/07,3757.66 
06/29/07,3764.08 
06/28/07,3858.52 
06/27/07,4040.48 
06/26/07,3928.21 
06/25/07,3877.59 
06/22/07,4051.43 
06/21/07,4197.28 
06/20/07,4157.60 
06/19/07,4253.00 
06/18/07,4227.57 
06/15/07,4099.38 
06/14/07,4075.82 
06/13/07,4118.27 
06/12/07,4036.11 
06/11/07,3931.86 
06/08/07,3837.87 
06/07/07,3802.30 
06/06/07,3677.58 
06/05/07,3634.63 
06/04/07,3511.43 
06/01/07,3803.95 
05/31/07,3927.95 
05/30/07,3886.46 
05/29/07,4168.29 
05/28/07,4072.58 
05/25/07,3985.25 
05/24/07,3919.75 
05/23/07,3938.95 
05/22/07,3870.49 
05/21/07,3831.44 
05/18/07,3776.63 
05/17/07,3778.61 
05/16/07,3700.29 
05/15/07,3604.64 
05/14/07,3734.42 
05/11/07,3702.61 
05/10/07,3724.51 
05/09/07,3701.28 
05/08/07,3686.03 
04/30/07,3558.71 
04/27/07,3470.52 
04/26/07,3493.58 
04/25/07,3448.28 
04/24/07,3445.20 
04/23/07,3431.32 
04/20/07,3289.28 
04/19/07,3150.30 
04/18/07,3304.50 
04/17/07,3283.60 
04/16/07,3256.00 
04/13/07,3169.23 
04/12/07,3176.44 
04/11/07,3121.32 
04/10/07,3081.57 
04/09/07,3038.17 
04/06/07,2972.01 
04/05/07,2945.04 
04/04/07,2911.82 
04/03/07,2888.12 
04/02/07,2850.11 
03/30/07,2781.78 
03/29/07,2783.30 
03/28/07,2797.65 
03/27/07,2784.02 
03/26/07,2764.03 
03/23/07,2716.27 
03/22/07,2711.32 
03/21/07,2702.60 
03/20/07,2672.77 
03/19/07,2659.41 
03/16/07,2604.23 
03/15/07,2645.55 
03/14/07,2597.36 
03/13/07,2640.17 
03/12/07,2616.17 
03/09/07,2611.39 
03/08/07,2627.63 
03/07/07,2589.44 
03/06/07,2520.29 
03/05/07,2475.61 
03/02/07,2508.73 
03/01/07,2473.54 
02/28/07,2544.57 
02/27/07,2457.49 
02/26/07,2707.68 
02/16/07,2676.74 
02/15/07,2668.63 
02/14/07,2588.35 
02/13/07,2522.63 
02/12/07,2485.39 
02/09/07,2397.25 
02/08/07,2410.60 
02/07/07,2369.79 
02/06/07,2316.04 
02/05/07,2271.80 
02/02/07,2298.00 
02/01/07,2395.17 
01/31/07,2385.33 
01/30/07,2551.88 
01/29/07,2576.92 
01/26/07,2512.92 
01/25/07,2452.83 
01/24/07,2536.43 
01/23/07,2508.13 
01/22/07,2491.31 
01/19/07,2396.09 
01/18/07,2317.09 
01/17/07,2308.93 
01/16/07,2353.87 
01/15/07,2287.34 
01/12/07,2173.75 
01/11/07,2231.63 
01/10/07,2255.97 
01/09/07,2200.09 
01/08/07,2131.56 
01/05/07,2072.88 
01/04/07,2067.09 
12/29/06,2041.05 
12/28/06,1979.93 
12/27/06,1982.88 
12/26/06,1938.24 
12/25/06,1939.10 
12/22/06,1895.64 
12/21/06,1908.99 
12/20/06,1936.55 
12/19/06,1921.44 
12/18/06,1916.11 
12/15/06,1867.64 
12/14/06,1836.14 
12/13/06,1803.86 
12/12/06,1802.79 
12/11/06,1789.92 
12/08/06,1711.58 
12/07/06,1775.71 
12/06/06,1779.41 
12/05/06,1794.23 
12/04/06,1780.74 
12/01/06,1729.22 
11/30/06,1714.36 
11/29/06,1667.14 
11/28/06,1644.01 
11/27/06,1651.80 
11/24/06,1636.58 
11/23/06,1634.91 
11/22/06,1624.03 
11/21/06,1612.25 
11/20/06,1593.16 
11/17/06,1562.08 
11/16/06,1533.29 
11/15/06,1534.76 
11/14/06,1493.78 
11/13/06,1475.78 
11/10/06,1504.06 
11/09/06,1524.71 
11/08/06,1498.17 
11/07/06,1516.10 
11/06/06,1507.89 
11/03/06,1488.29 
11/02/06,1479.66 
11/01/06,1479.41 
10/31/06,1464.47 
10/30/06,1446.24 
10/27/06,1439.05 
10/26/06,1456.10 
10/25/06,1446.83 
10/24/06,1440.05 
10/23/06,1408.72 
10/20/06,1440.18 
10/19/06,1439.38 
10/18/06,1437.59 
10/17/06,1414.45 
10/16/06,1418.52 
10/13/06,1430.88 
10/12/06,1426.50 
10/11/06,1435.91 
10/10/06,1437.25 
10/09/06,1436.07 
09/29/06,1403.27 
09/28/06,1387.00 
09/27/06,1371.12 
09/26/06,1357.65 
09/25/06,1372.40 
09/22/06,1374.85 
09/21/06,1387.37 
09/20/06,1378.46 
09/19/06,1378.31 
09/18/06,1375.56 
09/15/06,1362.32 
09/14/06,1338.28 
09/13/06,1338.39 
09/12/06,1347.64 
09/11/06,1338.76 
09/08/06,1332.15 
09/07/06,1328.38 
09/06/06,1346.37 
09/05/06,1340.68 
09/04/06,1337.24 
09/01/06,1318.10 
08/31/06,1338.69 
08/30/06,1334.67 
08/29/06,1330.16 
08/28/06,1325.89 
08/25/06,1295.44 
08/24/06,1292.40 
08/23/06,1285.68 
08/22/06,1285.27 
08/21/06,1270.56 
08/18/06,1267.87 
08/17/06,1271.63 
08/16/06,1283.57 
08/15/06,1265.86 
08/14/06,1245.72 
08/11/06,1275.65 
08/10/06,1271.47 
08/09/06,1251.30 
08/08/06,1252.39 
08/07/06,1224.10 
08/04/06,1241.91 
08/03/06,1271.74 
08/02/06,1275.09 
08/01/06,1282.06 
07/31/06,1294.33 
07/28/06,1341.39 
07/27/06,1355.55 
07/26/06,1371.30 
07/25/06,1374.17 
07/24/06,1358.12 
07/21/06,1356.03 
07/20/06,1345.19 
07/19/06,1336.64 
07/18/06,1373.42 
07/17/06,1372.25 
07/14/06,1357.13 
07/13/06,1346.09 
07/12/06,1419.20 
07/11/06,1418.58 
07/10/06,1412.12 
07/07/06,1410.43 
07/06/06,1418.68 
07/05/06,1393.01 
07/04/06,1411.01 
07/03/06,1420.33 
06/30/06,1393.96 
06/29/06,1395.12 
06/28/06,1362.89 
06/27/06,1363.90 
06/26/06,1363.41 
06/23/06,1339.45 
06/22/06,1331.55 
06/21/06,1333.53 
06/20/06,1338.22 
06/19/06,1334.89 
06/16/06,1318.01 
06/15/06,1285.39 
06/14/06,1283.88 
06/13/06,1298.28 
06/12/06,1297.67 
06/09/06,1294.19 
06/08/06,1325.98 
06/07/06,1320.23 
06/06/06,1399.14 
06/05/06,1403.16 
06/02/06,1390.12 
06/01/06,1402.88 
05/31/06,1365.45 
05/30/06,1378.76 
05/29/06,1366.29 
05/26/06,1331.02 
05/25/06,1307.70 
05/24/06,1308.24 
05/23/06,1317.65 
05/22/06,1373.67 
05/19/06,1366.10 
05/18/06,1331.20 
05/17/06,1335.52 
05/16/06,1331.13 
05/15/06,1352.16 
05/12/06,1296.26 
05/11/06,1255.04 
05/10/06,1265.93 
05/09/06,1251.61 
05/08/06,1218.45 
04/28/06,1172.35 
04/27/06,1155.27 
04/26/06,1155.73 
04/25/06,1141.93 
04/24/06,1142.70 
04/21/06,1149.16 
04/20/06,1134.38 
04/19/06,1138.24 
04/18/06,1131.28 
04/17/06,1124.41 
04/14/06,1118.61 
04/13/06,1093.93 
04/12/06,1117.07 
04/11/06,1123.31 
04/10/06,1117.91 
04/07/06,1103.15 
04/06/06,1103.24 
04/05/06,1099.97 
04/04/06,1089.37 
04/03/06,1079.32 
03/31/06,1061.09 
03/30/06,1055.63 
03/29/06,1065.29 
03/28/06,1055.98 
03/27/06,1050.71 
03/24/06,1042.60 
03/23/06,1048.54 
03/22/06,1047.67 
03/21/06,1040.76 
03/20/06,1037.66 
03/17/06,1024.02 
03/16/06,1027.62 
03/15/06,1028.96 
03/14/06,1018.27 
03/13/06,1019.86 
03/10/06,1008.90 
03/09/06,1004.34 
03/08/06,1009.27 
03/07/06,1014.97 
03/06/06,1038.87 
03/03/06,1041.68 
03/02/06,1038.67 
03/01/06,1056.62 
02/28/06,1053.01 
02/27/06,1047.85 
02/24/06,1049.44 
02/23/06,1041.37 
02/22/06,1037.89 
02/21/06,1038.82 
02/20/06,1021.64 
02/17/06,1020.37 
02/16/06,1020.12 
02/15/06,1041.66 
02/14/06,1038.53 
02/13/06,1031.61 
02/10/06,1032.34 
02/09/06,1019.60 
02/08/06,1033.07 
02/07/06,1029.94 
02/06/06,1033.23 
01/25/06,1009.60 
01/24/06,999.09 
01/23/06,996.16 
01/20/06,993.34 
01/19/06,991.22 
01/18/06,983.62 
01/17/06,964.29 
01/16/06,961.44 
01/13/06,978.81 
01/12/06,983.72 
01/11/06,973.48 
01/10/06,978.15 
01/09/06,975.25 
01/06/06,970.03 
01/05/06,959.13 
01/04/06,941.43 
12/30/05,923.45 
12/29/05,932.03 
12/28/05,920.92 
12/27/05,919.36 
12/26/05,922.38 
12/23/05,915.89 
12/22/05,908.75 
12/21/05,903.14 
12/20/05,907.32 
12/19/05,902.91 
12/16/05,902.56 
12/15/05,896.43 
12/14/05,898.15 
12/13/05,889.10 
12/12/05,888.52 
12/09/05,887.36 
12/08/05,874.06 
12/07/05,873.84 
12/06/05,866.08 
12/05/05,859.61 
12/02/05,869.94 
12/01/05,873.07 
11/30/05,873.83 
11/29/05,871.31 
11/28/05,880.17 
11/25/05,884.11 
11/24/05,881.49 
11/23/05,876.23 
11/22/05,869.62 
11/21/05,883.87 
11/18/05,882.24 
11/17/05,862.66 
11/16/05,863.12 
11/15/05,856.64 
11/14/05,862.15 
11/11/05,864.79 
11/10/05,862.97 
11/09/05,879.25 
11/08/05,881.52 
11/07/05,877.28 
11/04/05,878.36 
11/03/05,874.58 
11/02/05,882.48 
11/01/05,872.87 
10/31/05,876.28 
10/28/05,867.73 
10/27/05,875.85 
10/26/05,875.82 
10/25/05,894.27 
10/24/05,906.65 
10/21/05,904.41 
10/20/05,899.92 
10/19/05,898.74 
10/18/05,902.37 
10/17/05,897.62 
10/14/05,904.83 
10/13/05,916.50 
10/12/05,923.49 
10/11/05,919.72 
10/10/05,907.32 
09/30/05,917.39 
09/29/05,915.98 
09/28/05,903.72 
09/27/05,904.21 
09/26/05,918.49 
09/23/05,916.15 
09/22/05,923.27 
09/21/05,944.41 
09/20/05,961.92 
09/19/05,971.14 
09/16/05,967.50 
09/15/05,969.60 
09/14/05,970.19 
09/13/05,963.77 
09/12/05,949.51 
09/09/05,949.07 
09/08/05,955.28 
09/07/05,952.76 
09/06/05,936.61 
09/05/05,952.72 
09/02/05,947.87 
09/01/05,944.56 
08/31/05,927.92 
08/30/05,914.88 
08/29/05,917.37 
08/26/05,928.26 
08/25/05,930.12 
08/24/05,930.65 
08/23/05,923.41 
08/22/05,931.67 
08/19/05,923.04 
08/18/05,920.67 
08/17/05,953.01 
08/16/05,945.06 
08/15/05,954.50 
08/12/05,938.32 
08/11/05,953.99 
08/10/05,940.37 
08/09/05,933.09 
08/08/05,927.47 
08/05/05,923.80 
08/04/05,904.15 
08/03/05,909.57 
08/02/05,903.60 
08/01/05,891.61 
07/29/05,888.16 
07/28/05,890.89 
07/27/05,894.01 
07/26/05,876.48 
07/25/05,856.86 
07/22/05,859.69 
07/21/05,843.99 
07/20/05,842.64 
07/19/05,835.61 
07/18/05,833.00 
07/15/05,841.00 
07/14/05,849.59 
07/13/05,846.23 
07/12/05,851.82 
07/11/05,824.10 
07/08/05,829.49 
07/07/05,844.73 
07/06/05,842.56 
07/05/05,849.68 
07/04/05,855.93 
07/01/05,859.49 
06/30/05,878.69 
06/29/05,898.90 
06/28/05,903.72 
06/27/05,916.04 
06/24/05,898.30 
06/23/05,893.57 
06/22/05,900.65 
06/21/05,896.17 
06/20/05,906.26 
06/17/05,880.35 
06/16/05,879.24 
06/15/05,866.83 
06/14/05,883.54 
06/13/05,892.96 
06/10/05,894.56 
06/09/05,912.60 
06/08/05,905.77 
06/07/05,837.28 
06/06/05,839.00 
06/03/05,818.03 
06/02/05,818.38 
06/01/05,837.53 
05/31/05,855.95 
05/30/05,855.61 
05/27/05,849.51 
05/26/05,857.33 
05/25/05,868.45 
05/24/05,868.46 
05/23/05,863.34 
05/20/05,882.76 
05/19/05,884.17 
05/18/05,883.20 
05/17/05,881.46 
05/16/05,875.27 
05/13/05,887.54 
05/12/05,885.82 
05/11/05,901.85 
05/10/05,913.08 
05/09/05,909.17 
04/29/05,932.40 
04/28/05,942.07 
04/27/05,926.60 
04/26/05,937.08 
04/25/05,930.07 
04/22/05,939.10 
04/21/05,943.98 
04/20/05,950.87 
04/19/05,965.89 
04/18/05,963.77 
04/15/05,974.08 
04/14/05,986.98 
04/13/05,1000.90 
04/12/05,978.70 
04/11/05,995.42 
04/08/05,1003.45 
04/07/05,984.73 
04/06/05,973.67 
04/05/05,955.60 
04/04/05,962.17 
04/01/05,978.15 
03/31/05,942.20 
03/30/05,937.03 
03/29/05,955.19 
03/28/05,960.70 
03/25/05,962.96 
03/24/05,964.80 
03/23/05,959.01 
03/22/05,964.02 
03/21/05,981.89 
03/18/05,978.67 
03/17/05,992.86 
03/16/05,1003.07 
03/15/05,1013.52 
03/14/05,1031.03 
03/11/05,1027.43 
03/10/05,1022.41 
03/09/05,1046.54 
03/08/05,1048.99 
03/07/05,1029.87 
03/04/05,1023.67 
03/03/05,1027.71 
03/02/05,1021.32 
03/01/05,1035.93 
02/28/05,1039.99 
02/25/05,1046.76 
02/24/05,1045.46 
02/23/05,1043.94 
02/22/05,1046.74 
02/21/05,1025.63 
02/18/05,1006.06 
02/17/05,1020.61 
02/16/05,1023.58 
02/04/05,1016.86 
02/03/05,993.22 
02/02/05,1006.91 
02/01/05,955.95 
01/31/05,954.88 
01/28/05,969.21 
01/27/05,974.63 
01/26/05,989.93 
01/25/05,997.78 
01/24/05,998.13 
01/21/05,982.60 
01/20/05,956.25 
01/19/05,967.21 
01/18/05,974.69 
01/17/05,967.45 
01/14/05,988.31 
01/13/05,996.88 
01/12/05,996.75 
01/11/05,997.14 
01/10/05,993.88 
01/07/05,983.96 
01/06/05,983.17 
01/05/05,992.56 
01/04/05,982.79 
12/31/04,1000.00 
