Fri,2018/2/23,3.82
Thur,2018/2/22,3.91
Wed,2018/2/14,2.77
Tues,2018/2/13,2.29
Mon,2018/2/12,3.37
Fri,2018/2/9,3.31
Thur,2018/2/8,2.955
Wed,2018/2/7,3.18
Tues,2018/2/6,2.74
Mon,2018/2/5,2.91
Fri,2018/2/2,2.99
Thur,2018/2/1,2.785
Wed,2018/1/31,2.975
Tues,2018/1/30,3
Mon,2018/1/29,2.905
Fri,2018/1/26,2.895
Thur,2018/1/25,2.96
Wed,2018/1/24,3.215
Tues,2018/1/23,3.48
Mon,2018/1/22,3.68
Fri,2018/1/19,3.85
Thur,2018/1/18,3.995
Wed,2018/1/17,4.03
Tues,2018/1/16,3.465
Mon,2018/1/15,3.25
Fri,2018/1/12,2.925
Thur,2018/1/11,2.375
Wed,2018/1/10,2.375
Tues,2018/1/9,2.39
Mon,2018/1/8,2.355
Fri,2018/1/5,2.535
Thur,2018/1/4,2.525
Wed,2018/1/3,4.09
Tues,2018/1/2,6.01
Fri,2017/12/29,14.53
Thur,2017/12/28,17.695
Wed,2017/12/27,12.57
Tues,2017/12/26,8.36
Mon,2017/12/25,4.49
Fri,2017/12/22,3.65
Thur,2017/12/21,2.59
Wed,2017/12/20,3.86
Tues,2017/12/19,4.745
Mon,2017/12/18,4.42
Fri,2017/12/15,4.035
Thur,2017/12/14,3.685
Wed,2017/12/13,3.72
Tues,2017/12/12,3.71
Mon,2017/12/11,3.645
Fri,2017/12/8,3.175
Thur,2017/12/7,3.03
Wed,2017/12/6,3.065
Tues,2017/12/5,3.075
Mon,2017/12/4,3.25
Fri,2017/12/1,3.525
Thur,2017/11/30,3.795
Wed,2017/11/29,4.175
Tues,2017/11/28,3.685
Mon,2017/11/27,3.985
Fri,2017/11/24,4.08
Thur,2017/11/23,4.485
Wed,2017/11/22,4.91
Tues,2017/11/21,3.885
Mon,2017/11/20,3.86
Fri,2017/11/17,3.685
Thur,2017/11/16,3.275
Wed,2017/11/15,3.79
Tues,2017/11/14,3.835
Mon,2017/11/13,4.055
Fri,2017/11/10,3.825
Thur,2017/11/9,3.085
Wed,2017/11/8,2.93
Tues,2017/11/7,2.865
Mon,2017/11/6,2.905
Fri,2017/11/3,2.955
Thur,2017/11/2,3.065
Wed,2017/11/1,4.08
Tues,2017/10/31,6.745
Mon,2017/10/30,6.795
Fri,2017/10/27,5.135
Thur,2017/10/26,3.715
Wed,2017/10/25,3.175
Tues,2017/10/24,2.865
Mon,2017/10/23,2.635
Fri,2017/10/20,2.74
Thur,2017/10/19,2.365
Wed,2017/10/18,2.535
Tues,2017/10/17,2.625
Mon,2017/10/16,2.94
Fri,2017/10/13,2.88
Thur,2017/10/12,2.925
Wed,2017/10/11,3.4
Tues,2017/10/10,5.56
Mon,2017/10/9,8.745
Fri,2017/9/29,16.63
Thur,2017/9/28,8.555
Wed,2017/9/27,6.915
Tues,2017/9/26,6.53
Mon,2017/9/25,5.37
Fri,2017/9/22,4.92
Thur,2017/9/21,4.865
Wed,2017/9/20,4.915
Tues,2017/9/19,4.53
Mon,2017/9/18,3.98
Fri,2017/9/15,3.71
Thur,2017/9/14,3.695
Wed,2017/9/13,4.02
Tues,2017/9/12,4.13
Mon,2017/9/11,4.215
Fri,2017/9/8,3.73
Thur,2017/9/7,3.38
Wed,2017/9/6,3.49
Tues,2017/9/5,3.58
Mon,2017/9/4,3.79
Fri,2017/9/1,4.125
Thur,2017/8/31,5.48
Wed,2017/8/30,6.275
Tues,2017/8/29,6.525
Mon,2017/8/28,5.15
Fri,2017/8/25,4.495
Thur,2017/8/24,3.985
Wed,2017/8/23,4.265
Tues,2017/8/22,4.605
Mon,2017/8/21,4.765
Fri,2017/8/18,4.32
Thur,2017/8/17,5.325
Wed,2017/8/16,4.545
Tues,2017/8/15,3.83
Mon,2017/8/14,3.895
Fri,2017/8/11,3.36
Thur,2017/8/10,3.055
Wed,2017/8/9,3.04
Tues,2017/8/8,2.985
Mon,2017/8/7,2.995
Fri,2017/8/4,2.91
Thur,2017/8/3,3.195
Wed,2017/8/2,3.835
Tues,2017/8/1,5.205
Mon,2017/7/31,5.745
Fri,2017/7/28,5.45
Thur,2017/7/27,4.06
Wed,2017/7/26,4.305
Tues,2017/7/25,4.705
Mon,2017/7/24,4.755
Fri,2017/7/21,4.625
Thur,2017/7/20,4.345
Wed,2017/7/19,4.695
Tues,2017/7/18,4.34
Mon,2017/7/17,3.35
Fri,2017/7/14,2.71
Thur,2017/7/13,2.75
Wed,2017/7/12,2.915
Tues,2017/7/11,2.585
Mon,2017/7/10,2.44
Fri,2017/7/7,2.41
Thur,2017/7/6,2.38
Wed,2017/7/5,2.58
Tues,2017/7/4,3.035
Mon,2017/7/3,3.535
Fri,2017/6/30,6.555
Thur,2017/6/29,7.365
Wed,2017/6/28,5.285
Tues,2017/6/27,4.43
Mon,2017/6/26,4
Fri,2017/6/23,3.635
Thur,2017/6/22,4.1
Wed,2017/6/21,4.775
Tues,2017/6/20,4.45
Mon,2017/6/19,4.005
Fri,2017/6/16,3.795
Thur,2017/6/15,3.84
Wed,2017/6/14,3.715
Tues,2017/6/13,3.455
Mon,2017/6/12,3.165
Fri,2017/6/9,2.905
Thur,2017/6/8,2.825
Wed,2017/6/7,2.715
Tues,2017/6/6,3.16
Mon,2017/6/5,3.535
Fri,2017/6/2,4.125
Thur,2017/6/1,5.31
Wed,2017/5/31,6.445
Fri,2017/5/26,3.18
Thur,2017/5/25,2.965
Wed,2017/5/24,2.775
Tues,2017/5/23,3.2
Mon,2017/5/22,3.53
Fri,2017/5/19,5.695
Thur,2017/5/18,2.59
Wed,2017/5/17,2.345
Tues,2017/5/16,2.995
Mon,2017/5/15,3.855
Fri,2017/5/12,3.23
Thur,2017/5/11,2.865
Wed,2017/5/10,2.09
Tues,2017/5/9,1.975
Mon,2017/5/8,2.16
Fri,2017/5/5,3.31
Thur,2017/5/4,1.895
Wed,2017/5/3,1.625
Tues,2017/5/2,4.3
Fri,2017/4/28,4.255
Thur,2017/4/27,3.97
Wed,2017/4/26,3.71
Tues,2017/4/25,3.855
Mon,2017/4/24,2.555
Fri,2017/4/21,5.415
Thur,2017/4/20,2.735
Wed,2017/4/19,2.69
Tues,2017/4/18,0.985
Mon,2017/4/17,1.215
Fri,2017/4/14,2.535
Thur,2017/4/13,1.635
Wed,2017/4/12,1.995
Tues,2017/4/11,0.9
Mon,2017/4/10,1.985
Fri,2017/4/7,2.115
Thur,2017/4/6,1.52
Wed,2017/4/5,3.92
Fri,2017/3/31,8.775
Thur,2017/3/30,14.955
Wed,2017/3/29,10.335
Tues,2017/3/28,6.97
Mon,2017/3/27,3.595
Fri,2017/3/24,5.75
Thur,2017/3/23,3.425
Wed,2017/3/22,3.46
Tues,2017/3/21,3.955
Mon,2017/3/20,5.16
Fri,2017/3/17,3.785
Thur,2017/3/16,16.37
Wed,2017/3/15,2.34
Tues,2017/3/14,2.055
Mon,2017/3/13,2.495
Fri,2017/3/10,1.94
Thur,2017/3/9,2.82
Wed,2017/3/8,2.065
Tues,2017/3/7,2.51
Mon,2017/3/6,2.515
Fri,2017/3/3,1.885
Thur,2017/3/2,2.82
Wed,2017/3/1,2.03
Tues,2017/2/28,2.54
Mon,2017/2/27,2.275
Fri,2017/2/24,3.66
Thur,2017/2/23,6.915
Wed,2017/2/22,3.56
Tues,2017/2/21,3.135
Mon,2017/2/20,2.755
Fri,2017/2/17,7.025
Thur,2017/2/16,3.675
Wed,2017/2/15,1.59
Tues,2017/2/14,1.61
Mon,2017/2/13,2.335
Fri,2017/2/10,2.845
Thur,2017/2/9,1.57
Wed,2017/2/8,2.005
Tues,2017/2/7,1.865
Mon,2017/2/6,0.7
Fri,2017/2/3,9.03
Thur,2017/1/26,10.02
Wed,2017/1/25,12.125
Tues,2017/1/24,3.15
Mon,2017/1/23,1.995
Fri,2017/1/20,6.205
Thur,2017/1/19,13.415
Wed,2017/1/18,7.95
Tues,2017/1/17,3.49
Mon,2017/1/16,2.585
Fri,2017/1/13,2.605
Thur,2017/1/12,4.32
Wed,2017/1/11,2.275
Tues,2017/1/10,2.005
Mon,2017/1/9,1.375
Fri,2017/1/6,0.745
Thur,2017/1/5,1.985
Wed,2017/1/4,3.505
Tues,2017/1/3,3.515
Fri,2016/12/30,0.52
Thur,2016/12/29,0.55
Wed,2016/12/28,2.61
Tues,2016/12/27,18.55
Mon,2016/12/26,2.135
Fri,2016/12/23,5.92
Thur,2016/12/22,6.255
Wed,2016/12/21,2.88
Tues,2016/12/20,1.73
Mon,2016/12/19,2.535
Fri,2016/12/16,13.24
Thur,2016/12/15,2.69
Wed,2016/12/14,2.385
Tues,2016/12/13,2.495
Mon,2016/12/12,2.635
Fri,2016/12/9,2.92
Thur,2016/12/8,0.47
Wed,2016/12/7,1.325
Tues,2016/12/6,2.205
Mon,2016/12/5,2.7
Fri,2016/12/2,2.94
Thur,2016/12/1,10.295
Wed,2016/11/30,1.885
Tues,2016/11/29,2.58
Mon,2016/11/28,3
Fri,2016/11/25,5.6
Thur,2016/11/24,7.08
Wed,2016/11/23,2.6
Tues,2016/11/22,2.505
Mon,2016/11/21,2.615
Fri,2016/11/18,3.66
Thur,2016/11/17,4.71
Wed,2016/11/16,2.53
Tues,2016/11/15,2.505
Mon,2016/11/14,2.54
Fri,2016/11/11,3.6
Thur,2016/11/10,1.94
Wed,2016/11/9,1.52
Tues,2016/11/8,1.33
Mon,2016/11/7,1.68
Fri,2016/11/4,1.5
Thur,2016/11/3,1.8
Wed,2016/11/2,1.01
Tues,2016/11/1,2.135
Mon,2016/10/31,2.41
Fri,2016/10/28,8.485
Thur,2016/10/27,7.89
Wed,2016/10/26,2.87
Tues,2016/10/25,4.22
Mon,2016/10/24,3.345
Fri,2016/10/21,3.23
Thur,2016/10/20,6.735
Wed,2016/10/19,2.42
Tues,2016/10/18,2.605
Mon,2016/10/17,2.175
Fri,2016/10/14,1.835
Thur,2016/10/13,3.025
Wed,2016/10/12,0.53
Tues,2016/10/11,0.925
Mon,2016/10/10,3.545
Fri,2016/9/30,3.205
Thur,2016/9/29,35.41
Wed,2016/9/28,2.625
Tues,2016/9/27,2.935
Mon,2016/9/26,2.62
Fri,2016/9/23,3.66
Thur,2016/9/22,7.025
Wed,2016/9/21,2.73
Tues,2016/9/20,2.875
Mon,2016/9/19,4.765
Wed,2016/9/14,2.42
Tues,2016/9/13,2.495
Mon,2016/9/12,2.4
Fri,2016/9/9,2.295
Thur,2016/9/8,2.985
Wed,2016/9/7,0.6
Tues,2016/9/6,2.06
Mon,2016/9/5,1.5
Fri,2016/9/2,1.645
Thur,2016/9/1,2.51
Wed,2016/8/31,1.7
Tues,2016/8/30,2.19
Mon,2016/8/29,2.43
Fri,2016/8/26,2.8
Thur,2016/8/25,3.205
Wed,2016/8/24,1.175
Tues,2016/8/23,2.375
Mon,2016/8/22,2.45
Fri,2016/8/19,2.685
Thur,2016/8/18,3.805
Wed,2016/8/17,1.935
Tues,2016/8/16,2.585
Mon,2016/8/15,2.41
Fri,2016/8/12,2.65
Thur,2016/8/11,2.92
Wed,2016/8/10,1.165
Tues,2016/8/9,1.025
Mon,2016/8/8,2.285
Fri,2016/8/5,2.225
Thur,2016/8/4,1.61
Wed,2016/8/3,1.93
Tues,2016/8/2,1.51
Mon,2016/8/1,2.5
Fri,2016/7/29,1.85
Thur,2016/7/28,1.135
Wed,2016/7/27,2.42
Tues,2016/7/26,1.655
Mon,2016/7/25,1.185
Fri,2016/7/22,3.355
Thur,2016/7/21,3.545
Wed,2016/7/20,2.42
Tues,2016/7/19,2.395
Mon,2016/7/18,2.355
Fri,2016/7/15,2.355
Thur,2016/7/14,3.335
Wed,2016/7/13,1.155
Tues,2016/7/12,2.01
Mon,2016/7/11,2.35
Fri,2016/7/8,2.425
Thur,2016/7/7,3.97
Wed,2016/7/6,3.015
Tues,2016/7/5,1.57
Mon,2016/7/4,2.435
Fri,2016/7/1,1.84
Thur,2016/6/30,5.025
Wed,2016/6/29,6.445
Tues,2016/6/28,3.13
Mon,2016/6/27,3.635
Fri,2016/6/24,3.82
Thur,2016/6/23,3.53
Wed,2016/6/22,0.65
Tues,2016/6/21,2.42
Mon,2016/6/20,2.4
Fri,2016/6/17,2.445
Thur,2016/6/16,4.855
Wed,2016/6/15,1.905
Tues,2016/6/14,3.535
Mon,2016/6/13,2.435
Wed,2016/6/8,1.88
Tues,2016/6/7,2.995
Mon,2016/6/6,0.685
Fri,2016/6/3,1.635
Thur,2016/6/2,3.255
Wed,2016/6/1,2.325
Tues,2016/5/31,0.45
Mon,2016/5/30,1.625
Fri,2016/5/27,1.905
Thur,2016/5/26,3.795
Wed,2016/5/25,1.135
Tues,2016/5/24,1.01
Mon,2016/5/23,0.61
Fri,2016/5/20,1.4
Thur,2016/5/19,2.48
Wed,2016/5/18,1.625
Tues,2016/5/17,1.47
Mon,2016/5/16,1.675
Fri,2016/5/13,1.115
Thur,2016/5/12,1.695
Wed,2016/5/11,1.3
Tues,2016/5/10,0.185
Mon,2016/5/9,0.81
Fri,2016/5/6,1.46
Thur,2016/5/5,0.85
Wed,2016/5/4,1.1
Tues,2016/5/3,1
Fri,2016/4/29,0.625
Thur,2016/4/28,1.1
Wed,2016/4/27,1.495
Tues,2016/4/26,1.72
Mon,2016/4/25,0.865
Fri,2016/4/22,2.115
Thur,2016/4/21,0.135
Wed,2016/4/20,1
Tues,2016/4/19,1.28
Mon,2016/4/18,0.79
Fri,2016/4/15,1.895
Thur,2016/4/14,1.665
Wed,2016/4/13,2.055
Tues,2016/4/12,1
Mon,2016/4/11,1.535
Fri,2016/4/8,1.745
Thur,2016/4/7,1.44
Wed,2016/4/6,1.615
Tues,2016/4/5,2
Fri,2016/4/1,3.64
Thur,2016/3/31,0.75
Wed,2016/3/30,4.125
Tues,2016/3/29,1.995
Mon,2016/3/28,1.92
Fri,2016/3/25,2.37
Thur,2016/3/24,3.625
Wed,2016/3/23,2.13
Tues,2016/3/22,2.015
Mon,2016/3/21,3.205
Fri,2016/3/18,5.02
Thur,2016/3/17,5.045
Wed,2016/3/16,1.485
Tues,2016/3/15,1.13
Mon,2016/3/14,2.615
Fri,2016/3/11,1.205
Thur,2016/3/10,1.69
Wed,2016/3/9,1.405
Tues,2016/3/8,1.535
Mon,2016/3/7,0.89
Fri,2016/3/4,1.075
Thur,2016/3/3,0.21
Wed,2016/3/2,0.19
Tues,2016/3/1,2.25
Mon,2016/2/29,1.85
Fri,2016/2/26,5.53
Thur,2016/2/25,1.8
Wed,2016/2/24,1.28
Tues,2016/2/23,1.345
Mon,2016/2/22,1.85
Fri,2016/2/19,1.72
Thur,2016/2/18,1.705
Wed,2016/2/17,0.73
Tues,2016/2/16,1.85
Mon,2016/2/15,2.05
Fri,2016/2/5,2.36
Thur,2016/2/4,2.41
Wed,2016/2/3,1.945
Tues,2016/2/2,2.295
Mon,2016/2/1,2.505
Fri,2016/1/29,2.455
Thur,2016/1/28,0.655
Wed,2016/1/27,1.295
Tues,2016/1/26,2.355
Mon,2016/1/25,2.035
Fri,2016/1/22,2.835
Thur,2016/1/21,5.46
Wed,2016/1/20,1.235
Tues,2016/1/19,0.26
Mon,2016/1/18,1.75
Fri,2016/1/15,0.51
Thur,2016/1/14,2.12
Wed,2016/1/13,1.93
Tues,2016/1/12,1.765
Mon,2016/1/11,0.845
Fri,2016/1/8,0.68
Thur,2016/1/7,3.655
Wed,2016/1/6,1.675
Tues,2016/1/5,1.97
Mon,2016/1/4,5.725
Thur,2015/12/31,4.205
Wed,2015/12/30,2.63
Tues,2015/12/29,2.29
Mon,2015/12/28,2.82
Fri,2015/12/25,3.745
Thur,2015/12/24,6.36
Wed,2015/12/23,3.56
Tues,2015/12/22,1.95
Mon,2015/12/21,2.525
Fri,2015/12/18,1.465
Thur,2015/12/17,3.71
Wed,2015/12/16,0.545
Tues,2015/12/15,3.4
Mon,2015/12/14,3.685
Fri,2015/12/11,2.21
Thur,2015/12/10,1.75
Wed,2015/12/9,1.625
Tues,2015/12/8,0.965
Mon,2015/12/7,0.695
Fri,2015/12/4,1.84
Thur,2015/12/3,2.5
Wed,2015/12/2,3.01
Tues,2015/12/1,2.385
Mon,2015/11/30,0.525
Fri,2015/11/27,1.8
Thur,2015/11/26,1.11
Wed,2015/11/25,1.085
Tues,2015/11/24,1.325
Mon,2015/11/23,0.99
Fri,2015/11/20,0.745
Thur,2015/11/19,2.475
Wed,2015/11/18,0.8
Tues,2015/11/17,0.685
Mon,2015/11/16,0.44
Fri,2015/11/13,1.37
Thur,2015/11/12,2.07
Wed,2015/11/11,1.37
Tues,2015/11/10,0.86
Mon,2015/11/9,2.385
Fri,2015/11/6,3.65
Thur,2015/11/5,0.925
Wed,2015/11/4,2.125
Tues,2015/11/3,2.835
Mon,2015/11/2,2.085
Fri,2015/10/30,1.61
Thur,2015/10/29,0.59
Wed,2015/10/28,1.71
Tues,2015/10/27,2.215
Mon,2015/10/26,1.105
Fri,2015/10/23,2.3
Thur,2015/10/22,4.63
Wed,2015/10/21,1.21
Tues,2015/10/20,2.205
Mon,2015/10/19,1.06
Fri,2015/10/16,2.43
Thur,2015/10/15,2.675
Wed,2015/10/14,1.705
Tues,2015/10/13,0.885
Mon,2015/10/12,2.075
Fri,2015/10/9,0.94
Thur,2015/10/8,6.25
Wed,2015/9/30,2.16
Tues,2015/9/29,2.445
Mon,2015/9/28,1.055
Fri,2015/9/25,2.615
Thur,2015/9/24,3.24
Wed,2015/9/23,1.14
Tues,2015/9/22,1.51
Mon,2015/9/21,1.955
Fri,2015/9/18,1.36
Thur,2015/9/17,2.51
Wed,2015/9/16,0.505
Tues,2015/9/15,1.08
Mon,2015/9/14,1.5
Fri,2015/9/11,0.68
Thur,2015/9/10,1.305
Wed,2015/9/9,1.265
Tues,2015/9/8,1.775
Mon,2015/9/7,1.52
Wed,2015/9/2,0.005
Tues,2015/9/1,1.115
Mon,2015/8/31,0.955
Fri,2015/8/28,0.74
Thur,2015/8/27,0.32
Wed,2015/8/26,0.02
Tues,2015/8/25,1.455
Mon,2015/8/24,0.92
Fri,2015/8/21,0.62
Thur,2015/8/20,1.935
Wed,2015/8/19,0.74
Tues,2015/8/18,0.99
Mon,2015/8/17,0.505
Fri,2015/8/14,1
Thur,2015/8/13,1.57
Wed,2015/8/12,0.765
Tues,2015/8/11,0.365
Mon,2015/8/10,1.115
Fri,2015/8/7,0.265
Thur,2015/8/6,0.695
Wed,2015/8/5,0.225
Tues,2015/8/4,0.395
Mon,2015/8/3,0.755
Fri,2015/7/31,0.155
Thur,2015/7/30,0.975
Wed,2015/7/29,0.34
Tues,2015/7/28,0.305
Mon,2015/7/27,0.2
Fri,2015/7/24,0.545
Thur,2015/7/23,0.13
Wed,2015/7/22,0.67
Tues,2015/7/21,0.79
Mon,2015/7/20,0.545
Fri,2015/7/17,0.365
Thur,2015/7/16,0.755
Wed,2015/7/15,0.545
Tues,2015/7/14,0.395
Mon,2015/7/13,0.41
Fri,2015/7/10,0.4
Thur,2015/7/9,0.385
Wed,2015/7/8,0.08
Tues,2015/7/7,0.285
Mon,2015/7/6,0.36
Fri,2015/7/3,0.25
Thur,2015/7/2,0.365
Wed,2015/7/1,0.335
Tues,2015/6/30,0.02
Mon,2015/6/29,0.115
Fri,2015/6/26,0.195
Thur,2015/6/25,0.725
Wed,2015/6/24,0.03
Tues,2015/6/23,0.945
Fri,2015/6/19,3.215
Thur,2015/6/18,1.65
Wed,2015/6/17,0.51
Tues,2015/6/16,0.465
Mon,2015/6/15,0.005
Fri,2015/6/12,0.73
Thur,2015/6/11,0.645
Wed,2015/6/10,0.615
Tues,2015/6/9,0.155
Mon,2015/6/8,0.62
Fri,2015/6/5,0.585
Thur,2015/6/4,1.625
Wed,2015/6/3,1.35
Tues,2015/6/2,0.21
Mon,2015/6/1,0.265
Fri,2015/5/29,0.435
Thur,2015/5/28,1.335
Wed,2015/5/27,0.585
Tues,2015/5/26,0.895
Mon,2015/5/25,0.015
Fri,2015/5/22,0.835
Thur,2015/5/21,2.54
Wed,2015/5/20,3.49
Tues,2015/5/19,0.955
Mon,2015/5/18,0.515
Fri,2015/5/15,0.59
Thur,2015/5/14,1.14
Wed,2015/5/13,0.67
Tues,2015/5/12,0.56
Mon,2015/5/11,0.585
Fri,2015/5/8,1.425
Thur,2015/5/7,3.1
Wed,2015/5/6,2.045
Tues,2015/5/5,0.22
Mon,2015/5/4,0.815
Thur,2015/4/30,0.515
Wed,2015/4/29,2.06
Tues,2015/4/28,0.95
Mon,2015/4/27,1.265
Fri,2015/4/24,1.03
Thur,2015/4/23,1.02
Wed,2015/4/22,1.405
Tues,2015/4/21,1.035
Mon,2015/4/20,0.67
Fri,2015/4/17,0.665
Thur,2015/4/16,3.105
Wed,2015/4/15,2.445
Tues,2015/4/14,0.16
Mon,2015/4/13,0.505
Fri,2015/4/10,0.555
Thur,2015/4/9,0.95
Wed,2015/4/8,0.52
Tues,2015/4/7,0.615
Fri,2015/4/3,0.7
Thur,2015/4/2,1.505
Wed,2015/4/1,1.26
Tues,2015/3/31,1.1
Mon,2015/3/30,2.585
Fri,2015/3/27,1.295
Thur,2015/3/26,1.47
Wed,2015/3/25,1.045
Tues,2015/3/24,1.235
Mon,2015/3/23,1.54
Fri,2015/3/20,2.2
Thur,2015/3/19,2.255
Wed,2015/3/18,1.935
Tues,2015/3/17,1.015
Mon,2015/3/16,1.065
Fri,2015/3/13,2.98
Thur,2015/3/12,12.905
Wed,2015/3/11,0.585
Tues,2015/3/10,0.505
Mon,2015/3/9,0.6
Fri,2015/3/6,1.185
Thur,2015/3/5,1.33
Wed,2015/3/4,1.01
Tues,2015/3/3,0.885
Mon,2015/3/2,1.8
Fri,2015/2/27,2.85
Thur,2015/2/26,1.82
Wed,2015/2/25,2.79
Tues,2015/2/17,0.45
Mon,2015/2/16,2.66
Fri,2015/2/13,1.31
Thur,2015/2/12,16.185
Wed,2015/2/11,3.345
Tues,2015/2/10,53.44
Mon,2015/2/9,0.87
Fri,2015/2/6,1.005
Thur,2015/2/5,1.08
Wed,2015/2/4,1.295
Tues,2015/2/3,2.195
Mon,2015/2/2,1.69
Fri,2015/1/30,6.715
Thur,2015/1/29,0.695
Wed,2015/1/28,2.155
Tues,2015/1/27,1.265
Mon,2015/1/26,1.725
Fri,2015/1/23,1.805
Thur,2015/1/22,1.615
Wed,2015/1/21,1.125
Tues,2015/1/20,1.175
Mon,2015/1/19,1.05
Fri,2015/1/16,3.99
Thur,2015/1/15,8.075
Wed,2015/1/14,3.02
Tues,2015/1/13,1.18
Mon,2015/1/12,0.545
Fri,2015/1/9,0.535
Thur,2015/1/8,0.605
Wed,2015/1/7,0.485
Tues,2015/1/6,0.57
Mon,2015/1/5,3.675
Wed,2014/12/31,1.285
Tues,2014/12/30,1.6
Mon,2014/12/29,3.24
Fri,2014/12/26,3.205
Thur,2014/12/25,2.105
Wed,2014/12/24,1.735
Tues,2014/12/23,2.125
Mon,2014/12/22,7.065
Fri,2014/12/19,2.275
Thur,2014/12/18,0.685
Wed,2014/12/17,0.9
Tues,2014/12/16,1.39
Mon,2014/12/15,0.98
Fri,2014/12/12,1.43
Thur,2014/12/11,2.745
Wed,2014/12/10,0.345
Tues,2014/12/9,2.535
Mon,2014/12/8,2.01
Fri,2014/12/5,0.09
Thur,2014/12/4,2.51
Wed,2014/12/3,1.56
Tues,2014/12/2,1.01
Mon,2014/12/1,5.025
Fri,2014/11/28,2.1
Thur,2014/11/27,2.235
Wed,2014/11/26,17.615
Tues,2014/11/25,38.005
Mon,2014/11/24,12.75
Fri,2014/11/21,3.085
Thur,2014/11/20,1.39
Wed,2014/11/19,2.195
Tues,2014/11/18,2.605
Mon,2014/11/17,2.595
Fri,2014/11/14,2.605
Thur,2014/11/13,2.72
Wed,2014/11/12,2.76
Tues,2014/11/11,1.655
Mon,2014/11/10,2.695
Fri,2014/11/7,2.825
Thur,2014/11/6,2.28
Wed,2014/11/5,0.98
Tues,2014/11/4,2.775
Mon,2014/11/3,2.835
Fri,2014/10/31,1.355
Thur,2014/10/30,1.96
Wed,2014/10/29,1.355
Tues,2014/10/28,2.365
Mon,2014/10/27,9.55
Fri,2014/10/24,11.05
Thur,2014/10/23,1.165
Wed,2014/10/22,1.085
Tues,2014/10/21,1.235
Mon,2014/10/20,1.065
Fri,2014/10/17,1.135
Thur,2014/10/16,2.98
Wed,2014/10/15,2.405
Tues,2014/10/14,2.1
Mon,2014/10/13,1.705
Fri,2014/10/10,6.51
Thur,2014/10/9,3.03
Wed,2014/10/8,3.345
Tues,2014/9/30,1.395
Mon,2014/9/29,1.845
Fri,2014/9/26,8.06
Thur,2014/9/25,17.2
Wed,2014/9/24,3.17
Tues,2014/9/23,1.11
Mon,2014/9/22,2.115
Fri,2014/9/19,3.275
Thur,2014/9/18,1.205
Wed,2014/9/17,1.075
Tues,2014/9/16,2.335
Mon,2014/9/15,2.205
Fri,2014/9/12,2.795
Thur,2014/9/11,1.83
Wed,2014/9/10,2.635
Tues,2014/9/9,5.29
Fri,2014/9/5,4.125
Thur,2014/9/4,4.195
Wed,2014/9/3,1.03
Tues,2014/9/2,1
Mon,2014/9/1,3.995
Fri,2014/8/29,4.68
Thur,2014/8/28,45.175
Wed,2014/8/27,1.37
Tues,2014/8/26,2.15
Mon,2014/8/25,1.07
Fri,2014/8/22,3.24
Thur,2014/8/21,2.37
Wed,2014/8/20,1.655
Tues,2014/8/19,1.8
Mon,2014/8/18,3.255
Fri,2014/8/15,5.29
Thur,2014/8/14,6.765
Wed,2014/8/13,2.88
Tues,2014/8/12,1.905
Mon,2014/8/11,2.24
Fri,2014/8/8,2.89
Thur,2014/8/7,3.06
Wed,2014/8/6,1.455
Tues,2014/8/5,1.805
Mon,2014/8/4,1.695
Fri,2014/8/1,2.5
Thur,2014/7/31,3.995
Wed,2014/7/30,2.3
Tues,2014/7/29,1.14
Mon,2014/7/28,1.025
Fri,2014/7/25,4.97
Thur,2014/7/24,16.16
Wed,2014/7/23,5.01
Tues,2014/7/22,2.765
Mon,2014/7/21,1.2
Fri,2014/7/18,1.075
Thur,2014/7/17,2.175
Wed,2014/7/16,1.08
Tues,2014/7/15,1.12
Mon,2014/7/14,3.66
Fri,2014/7/11,6.975
Thur,2014/7/10,3.03
Wed,2014/7/9,3.49
Tues,2014/7/8,1.97
Mon,2014/7/7,2.82
Fri,2014/7/4,2.735
Thur,2014/7/3,2.89
Wed,2014/7/2,1.065
Tues,2014/7/1,2.87
Mon,2014/6/30,1.605
Fri,2014/6/27,18.065
Thur,2014/6/26,3.04
Wed,2014/6/25,2.62
Tues,2014/6/24,2.945
Mon,2014/6/23,3.56
Fri,2014/6/20,3.17
Thur,2014/6/19,2.54
Wed,2014/6/18,15.36
Tues,2014/6/17,2.63
Mon,2014/6/16,3.54
Fri,2014/6/13,3.045
Thur,2014/6/12,3.71
Wed,2014/6/11,2.045
Tues,2014/6/10,2.77
Mon,2014/6/9,2.495
Fri,2014/6/6,0.88
Thur,2014/6/5,3.53
Wed,2014/6/4,2.51
Tues,2014/6/3,3.395
Fri,2014/5/30,4.105
Thur,2014/5/29,4.485
Wed,2014/5/28,3.095
Tues,2014/5/27,2.725
Mon,2014/5/26,2.715
Fri,2014/5/23,3.5
Thur,2014/5/22,4.945
Wed,2014/5/21,2.28
Tues,2014/5/20,2.56
Mon,2014/5/19,3.21
Fri,2014/5/16,3.48
Thur,2014/5/15,3.48
Wed,2014/5/14,3.135
Tues,2014/5/13,2.875
Mon,2014/5/12,2.32
Fri,2014/5/9,2.64
Thur,2014/5/8,3.32
Wed,2014/5/7,1.36
Tues,2014/5/6,1.91
Mon,2014/5/5,3.275
Wed,2014/4/30,3.56
Tues,2014/4/29,9.235
Mon,2014/4/28,2.5
Fri,2014/4/25,4.035
Thur,2014/4/24,3.105
Wed,2014/4/23,2.565
Tues,2014/4/22,2.845
Mon,2014/4/21,2.48
Fri,2014/4/18,2.305
Thur,2014/4/17,5.515
Wed,2014/4/16,2.36
Tues,2014/4/15,2.8
Mon,2014/4/14,3.025
Fri,2014/4/11,1.785
Thur,2014/4/10,3.225
Wed,2014/4/9,2.8
Tues,2014/4/8,2.745
Fri,2014/4/4,1.865
Thur,2014/4/3,4.375
Wed,2014/4/2,1.045
Tues,2014/4/1,2.375
Mon,2014/3/31,2.02
Fri,2014/3/28,21.32
Thur,2014/3/27,5.08
Wed,2014/3/26,5.165
Tues,2014/3/25,2.9
Mon,2014/3/24,1.105
Fri,2014/3/21,4.835
Thur,2014/3/20,4.995
Wed,2014/3/19,2.71
Tues,2014/3/18,2
Mon,2014/3/17,2.505
Fri,2014/3/14,2.27
Thur,2014/3/13,3.56
Wed,2014/3/12,1.86
Tues,2014/3/11,1.385
Mon,2014/3/10,2.57
Fri,2014/3/7,2.58
Thur,2014/3/6,2.685
Wed,2014/3/5,1.625
Tues,2014/3/4,1.395
Mon,2014/3/3,1.445
Fri,2014/2/28,1.78
Thur,2014/2/27,6.85
Wed,2014/2/26,2.04
Tues,2014/2/25,1.86
Mon,2014/2/24,2.575
Fri,2014/2/21,2.745
Thur,2014/2/20,2.905
Wed,2014/2/19,1.825
Tues,2014/2/18,1.785
Mon,2014/2/17,2.33
Fri,2014/2/14,1.895
Thur,2014/2/13,3.07
Wed,2014/2/12,3.195
Tues,2014/2/11,4.295
Mon,2014/2/10,2.375
Fri,2014/2/7,5.41
Thur,2014/1/30,2.305
Wed,2014/1/29,0.815
Tues,2014/1/28,3.105
Mon,2014/1/27,4.065
Fri,2014/1/24,5.035
Thur,2014/1/23,3.45
Wed,2014/1/22,1.89
Tues,2014/1/21,8.225
Mon,2014/1/20,4.01
Fri,2014/1/17,18.26
Thur,2014/1/16,3.18
Wed,2014/1/15,3.015
Tues,2014/1/14,0.645
Mon,2014/1/13,2.43
Fri,2014/1/10,7.41
Thur,2014/1/9,4.96
Wed,2014/1/8,2.97
Tues,2014/1/7,2.005
Mon,2014/1/6,1.075
Fri,2014/1/3,2.52
Thur,2014/1/2,3.04
Tues,2013/12/31,1.375
Mon,2013/12/30,7.16
Fri,2013/12/27,20.25
Thur,2013/12/26,2.705
Wed,2013/12/25,5.235
Tues,2013/12/24,6.32
Mon,2013/12/23,6.56
Fri,2013/12/20,7.17
Thur,2013/12/19,3.545
Wed,2013/12/18,5.76
Tues,2013/12/17,2.75
Mon,2013/12/16,4.665
Fri,2013/12/13,3.615
Thur,2013/12/12,4.245
Wed,2013/12/11,3.91
Tues,2013/12/10,1.2
Mon,2013/12/9,4
Fri,2013/12/6,1.945
Thur,2013/12/5,3.845
Wed,2013/12/4,3.9
Tues,2013/12/3,2.59
Mon,2013/12/2,2.73
Fri,2013/11/29,4.79
Thur,2013/11/28,8.86
Wed,2013/11/27,2.535
Tues,2013/11/26,5.29
Mon,2013/11/25,5.29
Fri,2013/11/22,3.645
Thur,2013/11/21,10.18
Wed,2013/11/20,2.69
Tues,2013/11/19,2.825
Mon,2013/11/18,3.22
Fri,2013/11/15,9.67
Thur,2013/11/14,5.55
Wed,2013/11/13,3.795
Tues,2013/11/12,2.91
Mon,2013/11/11,2.715
Fri,2013/11/8,2.585
Thur,2013/11/7,2.845
Wed,2013/11/6,2.215
Tues,2013/11/5,2.16
Mon,2013/11/4,2.665
Fri,2013/11/1,4.945
Thur,2013/10/31,4.425
Wed,2013/10/30,1.83
Tues,2013/10/29,6.8
Mon,2013/10/28,4.635
Fri,2013/10/25,4.445
Thur,2013/10/24,3.25
Wed,2013/10/23,1.62
Tues,2013/10/22,2.385
Mon,2013/10/21,2.595
Fri,2013/10/18,2.535
Thur,2013/10/17,2.94
Wed,2013/10/16,2.1
Tues,2013/10/15,2.105
Mon,2013/10/14,2.645
Fri,2013/10/11,2.305
Thur,2013/10/10,1.73
Wed,2013/10/9,0.965
Tues,2013/10/8,22.77
Mon,2013/9/30,19.85
Fri,2013/9/27,35.465
Thur,2013/9/26,18.185
Wed,2013/9/25,2.99
Tues,2013/9/24,1.49
Mon,2013/9/23,6.23
Wed,2013/9/18,5.29
Tues,2013/9/17,2.185
Mon,2013/9/16,2.835
Fri,2013/9/13,3.04
Thur,2013/9/12,7.075
Wed,2013/9/11,3.045
Tues,2013/9/10,3.03
Mon,2013/9/9,3.41
Fri,2013/9/6,3.07
Thur,2013/9/5,4
Wed,2013/9/4,2.59
Tues,2013/9/3,2.53
Mon,2013/9/2,3.225
Fri,2013/8/30,3.275
Thur,2013/8/29,3.205
Wed,2013/8/28,2.44
Tues,2013/8/27,2.45
Mon,2013/8/26,2.59
Fri,2013/8/23,5.125
Thur,2013/8/22,7.14
Wed,2013/8/21,3.9
Tues,2013/8/20,2.78
Mon,2013/8/19,2.92
Fri,2013/8/16,2.39
Thur,2013/8/15,4.965
Wed,2013/8/14,2.205
Tues,2013/8/13,2.295
Mon,2013/8/12,3.45
Fri,2013/8/9,3.545
Thur,2013/8/8,5.71
Wed,2013/8/7,2.33
Tues,2013/8/6,2.13
Mon,2013/8/5,4.06
Fri,2013/8/2,2.545
Thur,2013/8/1,2.87
Wed,2013/7/31,1.23
Tues,2013/7/30,5.41
Mon,2013/7/29,2.035
Fri,2013/7/26,7.45
Thur,2013/7/25,13.66
Wed,2013/7/24,2.24
Tues,2013/7/23,2.235
Mon,2013/7/22,1.845
Fri,2013/7/19,3.765
Thur,2013/7/18,2.525
Wed,2013/7/17,2.77
Tues,2013/7/16,1.89
Mon,2013/7/15,2.065
Fri,2013/7/12,2.71
Thur,2013/7/11,3.975
Wed,2013/7/10,1.395
Tues,2013/7/9,1.635
Mon,2013/7/8,3.13
Fri,2013/7/5,2.52
Thur,2013/7/4,1.935
Wed,2013/7/3,2.455
Tues,2013/7/2,1.515
Mon,2013/7/1,1.47
Fri,2013/6/28,1.515
Thur,2013/6/27,26.55
Wed,2013/6/26,5.49
Tues,2013/6/25,4.205
Mon,2013/6/24,3.975
Fri,2013/6/21,11.215
Thur,2013/6/20,6.33
Wed,2013/6/19,4.285
Tues,2013/6/18,4.605
Mon,2013/6/17,3.585
Fri,2013/6/14,4.03
Thur,2013/6/13,12.94
Fri,2013/6/7,12.68
Thur,2013/6/6,12.745
Wed,2013/6/5,3.02
Tues,2013/6/4,2.685
Mon,2013/6/3,3.985
Fri,2013/5/31,5.03
Thur,2013/5/30,3.05
Wed,2013/5/29,3.705
Tues,2013/5/28,2.925
Mon,2013/5/27,2.315
Fri,2013/5/24,4.205
Thur,2013/5/23,4.835
Wed,2013/5/22,4.19
Tues,2013/5/21,4.405
Mon,2013/5/20,2.55
Fri,2013/5/17,6.5
Thur,2013/5/16,7.47
Wed,2013/5/15,2.32
Tues,2013/5/14,2.27
Mon,2013/5/13,2.255
Fri,2013/5/10,2.515
Thur,2013/5/9,5.36
Wed,2013/5/8,2.41
Tues,2013/5/7,2.3
Mon,2013/5/6,2.235
Fri,2013/5/3,3.505
Thur,2013/5/2,2.165
Fri,2013/4/26,3.65
Thur,2013/4/25,25.445
Wed,2013/4/24,5.08
Tues,2013/4/23,1.99
Mon,2013/4/22,3.695
Fri,2013/4/19,2.59
Thur,2013/4/18,6.11
Wed,2013/4/17,2.47
Tues,2013/4/16,2.315
Mon,2013/4/15,2.26
Fri,2013/4/12,2.135
Thur,2013/4/11,3.875
Wed,2013/4/10,1.605
Tues,2013/4/9,2.05
Mon,2013/4/8,2.45
Wed,2013/4/3,2.98
Tues,2013/4/2,6.2
Mon,2013/4/1,1.13
Fri,2013/3/29,3.55
Thur,2013/3/28,9.245
Wed,2013/3/27,2.07
Tues,2013/3/26,1.505
Mon,2013/3/25,1.98
Fri,2013/3/22,2.03
Thur,2013/3/21,1.07
Wed,2013/3/20,1.1
Tues,2013/3/19,1.035
Mon,2013/3/18,2.895
Fri,2013/3/15,3.855
Thur,2013/3/14,6.91
Wed,2013/3/13,0.965
Tues,2013/3/12,0.98
Mon,2013/3/11,1.06
Fri,2013/3/8,1.23
Thur,2013/3/7,2.28
Wed,2013/3/6,1.035
Tues,2013/3/5,1.1
Mon,2013/3/4,2.365
Fri,2013/3/1,5.07
Thur,2013/2/28,8.96
Wed,2013/2/27,5.6
Tues,2013/2/26,4.8
Mon,2013/2/25,2.755
Fri,2013/2/22,2.135
Thur,2013/2/21,3.165
Wed,2013/2/20,1.52
Tues,2013/2/19,1.545
Mon,2013/2/18,2.87
Fri,2013/2/8,3.11
Thur,2013/2/7,3.32
Wed,2013/2/6,3.095
Tues,2013/2/5,3.675
Mon,2013/2/4,3.08
Fri,2013/2/1,3.835
Thur,2013/1/31,2.185
Wed,2013/1/30,2.935
Tues,2013/1/29,2.37
Mon,2013/1/28,2.245
Fri,2013/1/25,2.6
Thur,2013/1/24,3.415
Wed,2013/1/23,2
Tues,2013/1/22,1.885
Mon,2013/1/21,2
Fri,2013/1/18,2.02
Thur,2013/1/17,3.335
Wed,2013/1/16,1.425
Tues,2013/1/15,0.995
Mon,2013/1/14,1.325
Fri,2013/1/11,2.16
Thur,2013/1/10,1.995
Wed,2013/1/9,1.73
Tues,2013/1/8,1.94
Mon,2013/1/7,1.575
Fri,2013/1/4,4.005
Mon,2012/12/31,3.005
Fri,2012/12/28,21.34
Thur,2012/12/27,6.02
Wed,2012/12/26,6.62
Tues,2012/12/25,2.6
Mon,2012/12/24,2.215
Fri,2012/12/21,5.985
Thur,2012/12/20,5.015
Wed,2012/12/19,5.33
Tues,2012/12/18,2.705
Mon,2012/12/17,2.385
Fri,2012/12/14,3.28
Thur,2012/12/13,5.025
Wed,2012/12/12,2.17
Tues,2012/12/11,2.005
Mon,2012/12/10,2.35
Fri,2012/12/7,4.155
Thur,2012/12/6,3.335
Wed,2012/12/5,2.31
Tues,2012/12/4,2.32
Mon,2012/12/3,2.515
Fri,2012/11/30,2.23
Thur,2012/11/29,6.94
Wed,2012/11/28,2.39
Tues,2012/11/27,2.26
Mon,2012/11/26,1.745
Fri,2012/11/23,2.3
Thur,2012/11/22,4.49
Wed,2012/11/21,2.325
Tues,2012/11/20,2.35
Mon,2012/11/19,2.51
Fri,2012/11/16,2.71
Thur,2012/11/15,3.72
Wed,2012/11/14,2.12
Tues,2012/11/13,2.225
Mon,2012/11/12,2.3
Fri,2012/11/9,2.98
Thur,2012/11/8,3.58
Wed,2012/11/7,1.91
Tues,2012/11/6,2.28
Mon,2012/11/5,2.01
Fri,2012/11/2,2.56
Thur,2012/11/1,3.755
Wed,2012/10/31,2.005
Tues,2012/10/30,2.505
Mon,2012/10/29,3.555
Fri,2012/10/26,6.95
Thur,2012/10/25,4.975
Wed,2012/10/24,2.51
Tues,2012/10/23,1.935
Mon,2012/10/22,1.18
Fri,2012/10/19,2.03
Thur,2012/10/18,4.925
Wed,2012/10/17,2.475
Tues,2012/10/16,2.01
Mon,2012/10/15,2.85
Fri,2012/10/12,2.075
Thur,2012/10/11,2.85
Wed,2012/10/10,1.15
Tues,2012/10/9,2.255
Mon,2012/10/8,3.38
Fri,2012/9/28,4
Thur,2012/9/27,21.43
Wed,2012/9/26,5
Tues,2012/9/25,4.185
Mon,2012/9/24,2.665
Fri,2012/9/21,3.795
Thur,2012/9/20,2.38
Wed,2012/9/19,1.47
Tues,2012/9/18,2.66
Mon,2012/9/17,2.68
Fri,2012/9/14,2.24
Thur,2012/9/13,3.62
Wed,2012/9/12,2.405
Tues,2012/9/11,2.635
Mon,2012/9/10,2.36
Fri,2012/9/7,2.015
Thur,2012/9/6,1.69
Wed,2012/9/5,1.95
Tues,2012/9/4,1.585
Mon,2012/9/3,2.095
Fri,2012/8/31,1.28
Thur,2012/8/30,1.995
Wed,2012/8/29,2.31
Tues,2012/8/28,2.205
Mon,2012/8/27,2.475
Fri,2012/8/24,1.94
Thur,2012/8/23,10.755
Wed,2012/8/22,1.565
Tues,2012/8/21,1.13
Mon,2012/8/20,1.455
Fri,2012/8/17,3.955
Thur,2012/8/16,3.51
Wed,2012/8/15,2.635
Tues,2012/8/14,1.715
Mon,2012/8/13,2.22
Fri,2012/8/10,2.82
Thur,2012/8/9,5.82
Wed,2012/8/8,2.97
Tues,2012/8/7,2.045
Mon,2012/8/6,1.565
Fri,2012/8/3,2.4
Thur,2012/8/2,2.56
Wed,2012/8/1,1.825
Tues,2012/7/31,2.635
Mon,2012/7/30,2.865
Fri,2012/7/27,2.715
Thur,2012/7/26,1.66
Wed,2012/7/25,1.86
Tues,2012/7/24,3.3
Mon,2012/7/23,2.115
Fri,2012/7/20,4.09
Thur,2012/7/19,3.21
Wed,2012/7/18,1.1
Tues,2012/7/17,2.505
Mon,2012/7/16,1.595
Fri,2012/7/13,1.025
Thur,2012/7/12,0.775
Wed,2012/7/11,2.4
Tues,2012/7/10,2.445
Mon,2012/7/9,2.105
Fri,2012/7/6,3.195
Thur,2012/7/5,4.98
Wed,2012/7/4,2.135
Tues,2012/7/3,2.265
Mon,2012/7/2,2.55
Fri,2012/6/29,4.755
Thur,2012/6/28,18.01
Wed,2012/6/27,3.83
Tues,2012/6/26,3.405
Mon,2012/6/25,3.94
Thur,2012/6/21,3.255
Wed,2012/6/20,2.29
Tues,2012/6/19,2.21
Mon,2012/6/18,2.195
Fri,2012/6/15,2.205
Thur,2012/6/14,3.06
Wed,2012/6/13,1.86
Tues,2012/6/12,1.17
Mon,2012/6/11,1.52
Fri,2012/6/8,2
Thur,2012/6/7,2.54
Wed,2012/6/6,1.07
Tues,2012/6/5,2.02
Mon,2012/6/4,0.965
Fri,2012/6/1,13.97
Thur,2012/5/31,2.875
Wed,2012/5/30,2.61
Tues,2012/5/29,1.99
Mon,2012/5/28,1.52
Fri,2012/5/25,2.465
Thur,2012/5/24,2.515
Wed,2012/5/23,2.21
Tues,2012/5/22,1.66
Mon,2012/5/21,1.945
Fri,2012/5/18,1.225
Thur,2012/5/17,5.32
Wed,2012/5/16,2.67
Tues,2012/5/15,1.975
Mon,2012/5/14,1.92
Fri,2012/5/11,2.525
Thur,2012/5/10,3.92
Wed,2012/5/9,1.455
Tues,2012/5/8,1.5
Mon,2012/5/7,2
Fri,2012/5/4,4.015
Thur,2012/5/3,3.56
Wed,2012/5/2,2.445
Fri,2012/4/27,2.75
Thur,2012/4/26,5.3
Wed,2012/4/25,3.25
Tues,2012/4/24,2.3
Mon,2012/4/23,3.33
Fri,2012/4/20,3.045
Thur,2012/4/19,6.115
Wed,2012/4/18,2.935
Tues,2012/4/17,2.505
Mon,2012/4/16,2.35
Fri,2012/4/13,1.725
Thur,2012/4/12,0.175
Wed,2012/4/11,1.05
Tues,2012/4/10,1.03
Mon,2012/4/9,2.625
Fri,2012/4/6,2.505
Thur,2012/4/5,1.01
Fri,2012/3/30,0.73
Thur,2012/3/29,15.4
Wed,2012/3/28,2.875
Tues,2012/3/27,3.57
Mon,2012/3/26,1.155
Fri,2012/3/23,2.275
Thur,2012/3/22,3.515
Wed,2012/3/21,2.7
Tues,2012/3/20,1.27
Mon,2012/3/19,1.05
Fri,2012/3/16,2.495
Thur,2012/3/15,4.655
Wed,2012/3/14,2.62
Tues,2012/3/13,2.505
Mon,2012/3/12,2.1
Fri,2012/3/9,1.61
Thur,2012/3/8,2.005
Wed,2012/3/7,2.68
Tues,2012/3/6,2.39
Mon,2012/3/5,1.615
Fri,2012/3/2,2.695
Thur,2012/3/1,8.71
Wed,2012/2/29,3.915
Tues,2012/2/28,2.785
Mon,2012/2/27,0.995
Fri,2012/2/24,3.355
Thur,2012/2/23,2.89
Wed,2012/2/22,2.78
Tues,2012/2/21,5.435
Mon,2012/2/20,3.36
Fri,2012/2/17,3.245
Thur,2012/2/16,3.725
Wed,2012/2/15,3.675
Tues,2012/2/14,1.545
Mon,2012/2/13,1.185
Fri,2012/2/10,3.69
Thur,2012/2/9,3.59
Wed,2012/2/8,3.455
Tues,2012/2/7,2.625
Mon,2012/2/6,2.3
Fri,2012/2/3,2.175
Thur,2012/2/2,1.965
Wed,2012/2/1,2.03
Tues,2012/1/31,2.015
Mon,2012/1/30,2.98
Fri,2012/1/20,5.94
Thur,2012/1/19,8.965
Wed,2012/1/18,1.465
Tues,2012/1/17,4.355
Mon,2012/1/16,2.185
Fri,2012/1/13,3.04
Thur,2012/1/12,2.71
Wed,2012/1/11,1.92
Tues,2012/1/10,2.41
Mon,2012/1/9,1.28
Fri,2012/1/6,1.115
Thur,2012/1/5,2.42
Wed,2012/1/4,2.105
Fri,2011/12/30,0.045
Thur,2011/12/29,19.85
Wed,2011/12/28,1.145
Tues,2011/12/27,3.28
Mon,2011/12/26,2.445
Fri,2011/12/23,2.225
Thur,2011/12/22,2.115
Wed,2011/12/21,1.05
Tues,2011/12/20,2.65
Mon,2011/12/19,2.96
Fri,2011/12/16,0.985
Thur,2011/12/15,1.92
Wed,2011/12/14,2.4
Tues,2011/12/13,2.565
Mon,2011/12/12,1.045
Fri,2011/12/9,1
Thur,2011/12/8,4.665
Wed,2011/12/7,1.24
Tues,2011/12/6,1.83
Mon,2011/12/5,1.735
Fri,2011/12/2,3.515
Thur,2011/12/1,3
Wed,2011/11/30,1.035
Tues,2011/11/29,2.045
Mon,2011/11/28,2.155
Fri,2011/11/25,2.01
Thur,2011/11/24,3.285
Wed,2011/11/23,2.34
Tues,2011/11/22,2.13
Mon,2011/11/21,0.625
Fri,2011/11/18,5.2
Thur,2011/11/17,5.45
Wed,2011/11/16,3.505
Tues,2011/11/15,1.1
Mon,2011/11/14,2.44
Fri,2011/11/11,2.405
Thur,2011/11/10,3.1
Wed,2011/11/9,1.01
Tues,2011/11/8,2.245
Mon,2011/11/7,2.06
Fri,2011/11/4,4.945
Thur,2011/11/3,2.665
Wed,2011/11/2,2.31
Tues,2011/11/1,1.555
Mon,2011/10/31,1.12
Fri,2011/10/28,4.995
Thur,2011/10/27,6.695
Wed,2011/10/26,3.35
Tues,2011/10/25,1.605
Mon,2011/10/24,1.05
Fri,2011/10/21,2.655
Thur,2011/10/20,3.23
Wed,2011/10/19,2.785
Tues,2011/10/18,2.01
Mon,2011/10/17,1.5
Fri,2011/10/14,1.695
Thur,2011/10/13,1
Wed,2011/10/12,1.1
Tues,2011/10/11,1.12
Mon,2011/10/10,1.555
Fri,2011/9/30,5.94
Thur,2011/9/29,7.97
Wed,2011/9/28,2.78
Tues,2011/9/27,2.145
Mon,2011/9/26,1.005
Fri,2011/9/23,0.995
Thur,2011/9/22,2.66
Wed,2011/9/21,1.935
Tues,2011/9/20,1.5
Mon,2011/9/19,1.27
Fri,2011/9/16,2.3
Thur,2011/9/15,2.885
Wed,2011/9/14,0.29
Tues,2011/9/13,1.03
Fri,2011/9/9,2.705
Thur,2011/9/8,3.115
Wed,2011/9/7,2.105
Tues,2011/9/6,2.415
Mon,2011/9/5,1.85
Fri,2011/9/2,2.145
Thur,2011/9/1,1.175
Wed,2011/8/31,1.04
Tues,2011/8/30,3.005
Mon,2011/8/29,1.135
Fri,2011/8/26,1.595
Thur,2011/8/25,2.1
Wed,2011/8/24,1.56
Tues,2011/8/23,3.61
Mon,2011/8/22,1.28
Fri,2011/8/19,7.505
Thur,2011/8/18,6.555
Wed,2011/8/17,2.685
Tues,2011/8/16,1.135
Mon,2011/8/15,1.11
Fri,2011/8/12,1.575
Thur,2011/8/11,0.2
Wed,2011/8/10,1.315
Tues,2011/8/9,1.685
Mon,2011/8/8,1.11
Fri,2011/8/5,2.16
Thur,2011/8/4,2.925
Wed,2011/8/3,2.82
Tues,2011/8/2,2.445
Mon,2011/8/1,4.01
Fri,2011/7/29,6
Thur,2011/7/28,1.855
Wed,2011/7/27,2.995
Tues,2011/7/26,2.695
Mon,2011/7/25,0.56
Fri,2011/7/22,1.4
Thur,2011/7/21,5.275
Wed,2011/7/20,5.415
Tues,2011/7/19,3.96
Mon,2011/7/18,0.595
Fri,2011/7/15,3.305
Thur,2011/7/14,2.355
Wed,2011/7/13,4.105
Tues,2011/7/12,1.91
Mon,2011/7/11,1.805
Fri,2011/7/8,2.86
Thur,2011/7/7,3.3
Wed,2011/7/6,6.94
Tues,2011/7/5,1.98
Mon,2011/7/4,2.395
Fri,2011/7/1,2.73
Thur,2011/6/30,6
Wed,2011/6/29,7.205
Tues,2011/6/28,5.055
Mon,2011/6/27,5.425
Fri,2011/6/24,5.01
Thur,2011/6/23,2.86
Wed,2011/6/22,4.56
Tues,2011/6/21,1.25
Mon,2011/6/20,3.775
Fri,2011/6/17,1.965
Thur,2011/6/16,5.415
Wed,2011/6/15,1.5
Tues,2011/6/14,2.46
Mon,2011/6/13,0.74
Fri,2011/6/10,2.865
Thur,2011/6/9,3.92
Wed,2011/6/8,1.395
Tues,2011/6/7,1.125
Fri,2011/6/3,2.365
Thur,2011/6/2,3.7
Wed,2011/6/1,1.62
Tues,2011/5/31,1.005
Mon,2011/5/30,0.605
Fri,2011/5/27,5.44
Thur,2011/5/26,1.32
Wed,2011/5/25,3.885
Tues,2011/5/24,1.28
Mon,2011/5/23,1.005
Fri,2011/5/20,2.525
Thur,2011/5/19,3.295
Wed,2011/5/18,2.265
Tues,2011/5/17,2.405
Mon,2011/5/16,1.69
Fri,2011/5/13,1.905
Thur,2011/5/12,2.63
Wed,2011/5/11,0.975
Tues,2011/5/10,1.8
Mon,2011/5/9,1.2
Fri,2011/5/6,1.815
Thur,2011/5/5,1.995
Wed,2011/5/4,1.875
Tues,2011/5/3,1.07
Fri,2011/4/29,1.295
Thur,2011/4/28,6.17
Wed,2011/4/27,2.245
Tues,2011/4/26,2.66
Mon,2011/4/25,1.205
Fri,2011/4/22,2.49
Thur,2011/4/21,3.03
Wed,2011/4/20,2.005
Tues,2011/4/19,1.315
Mon,2011/4/18,1.815
Fri,2011/4/15,2.215
Thur,2011/4/14,2.795
Wed,2011/4/13,1.02
Tues,2011/4/12,1.01
Mon,2011/4/11,0.935
Fri,2011/4/8,1.51
Thur,2011/4/7,3.5
Wed,2011/4/6,1.935
Fri,2011/4/1,1.93
Thur,2011/3/31,3.81
Wed,2011/3/30,0.955
Tues,2011/3/29,1.105
Mon,2011/3/28,0.925
Fri,2011/3/25,1.01
Thur,2011/3/24,1.005
Wed,2011/3/23,1.95
Tues,2011/3/22,1.8
Mon,2011/3/21,1.56
Fri,2011/3/18,1.31
Thur,2011/3/17,1.265
Wed,2011/3/16,0.9
Tues,2011/3/15,1.27
Mon,2011/3/14,0.9
Fri,2011/3/11,1.055
Thur,2011/3/10,1.085
Wed,2011/3/9,1.85
Tues,2011/3/8,1.495
Mon,2011/3/7,0.985
Fri,2011/3/4,1.505
Thur,2011/3/3,2.68
Wed,2011/3/2,1.1
Tues,2011/3/1,0.005
Mon,2011/2/28,1.015
Fri,2011/2/25,7.51
Thur,2011/2/24,5.005
Wed,2011/2/23,4
Tues,2011/2/22,6.88
Mon,2011/2/21,1.05
Fri,2011/2/18,1.09
Thur,2011/2/17,1.945
Wed,2011/2/16,1.035
Tues,2011/2/15,1.04
Mon,2011/2/14,1
Fri,2011/2/11,1.3
Thur,2011/2/10,3.26
Wed,2011/2/9,1.03
Tues,2011/2/1,1.6
Mon,2011/1/31,1.905
Fri,2011/1/28,1.8
Thur,2011/1/27,6.04
Wed,2011/1/26,4.305
Tues,2011/1/25,1.255
Mon,2011/1/24,6.46
Fri,2011/1/21,2.04
Thur,2011/1/20,3.03
Wed,2011/1/19,0.98
Tues,2011/1/18,1.5
Mon,2011/1/17,1.31
Fri,2011/1/14,1.315
Thur,2011/1/13,1.24
Wed,2011/1/12,1.095
Tues,2011/1/11,1.03
Mon,2011/1/10,1.02
Fri,2011/1/7,1.76
Thur,2011/1/6,6.87
Wed,2011/1/5,1.91
Tues,2011/1/4,1.27
Fri,2010/12/31,0.875
Thur,2010/12/30,2
Wed,2010/12/29,4.28
Tues,2010/12/28,4.655
Mon,2010/12/27,3.565
Fri,2010/12/24,5.07
Thur,2010/12/23,6.005
Wed,2010/12/22,3.185
Tues,2010/12/21,3.445
Mon,2010/12/20,1.635
Fri,2010/12/17,3.85
Thur,2010/12/16,4.955
Wed,2010/12/15,2.1
Tues,2010/12/14,1.965
Mon,2010/12/13,1
Fri,2010/12/10,1.03
Thur,2010/12/9,2.865
Wed,2010/12/8,2.005
Tues,2010/12/7,2.83
Mon,2010/12/6,1.035
Fri,2010/12/3,1.3
Thur,2010/12/2,2
Wed,2010/12/1,2
Tues,2010/11/30,2.69
Mon,2010/11/29,3.1
Fri,2010/11/26,3.14
Thur,2010/11/25,6.37
Wed,2010/11/24,1.815
Tues,2010/11/23,1.845
Mon,2010/11/22,1.6
Fri,2010/11/19,2.025
Thur,2010/11/18,2.7
Wed,2010/11/17,1.03
Tues,2010/11/16,1.615
Mon,2010/11/15,1.315
Fri,2010/11/12,1.645
Thur,2010/11/11,3
Wed,2010/11/10,1.04
Tues,2010/11/9,1.03
Mon,2010/11/8,1.19
Fri,2010/11/5,1.4
Thur,2010/11/4,2.705
Wed,2010/11/3,1.755
Tues,2010/11/2,1.63
Mon,2010/11/1,1.9
Fri,2010/10/29,1.82
Thur,2010/10/28,2.95
Wed,2010/10/27,1.855
Tues,2010/10/26,1.26
Mon,2010/10/25,1.625
Fri,2010/10/22,1.8
Thur,2010/10/21,3.115
Wed,2010/10/20,0.9
Tues,2010/10/19,1.615
Mon,2010/10/18,1.215
Fri,2010/10/15,1.62
Thur,2010/10/14,4.995
Wed,2010/10/13,1.07
Tues,2010/10/12,1.4
Mon,2010/10/11,1.97
Fri,2010/10/8,3.105
Thur,2010/9/30,2.7
Wed,2010/9/29,15.035
Tues,2010/9/28,1.63
Mon,2010/9/27,2.505
Tues,2010/9/21,3.55
Mon,2010/9/20,9.065
Fri,2010/9/17,1.06
Thur,2010/9/16,3.13
Wed,2010/9/15,1.82
Tues,2010/9/14,1.605
Mon,2010/9/13,1.23
Fri,2010/9/10,1.615
Thur,2010/9/9,3.375
Wed,2010/9/8,1.615
Tues,2010/9/7,1.91
Mon,2010/9/6,1.1
Fri,2010/9/3,1.135
Thur,2010/9/2,5.36
Wed,2010/9/1,2.2
Tues,2010/8/31,2.205
Mon,2010/8/30,6
Fri,2010/8/27,1.87
Thur,2010/8/26,3.03
Wed,2010/8/25,1.82
Tues,2010/8/24,1.16
Mon,2010/8/23,1.17
Fri,2010/8/20,1.55
Thur,2010/8/19,3.305
Wed,2010/8/18,1.11
Tues,2010/8/17,1.15
Mon,2010/8/16,0.995
Fri,2010/8/13,1.1
Thur,2010/8/12,3.3
Wed,2010/8/11,1.21
Tues,2010/8/10,1.805
Mon,2010/8/9,1.665
Fri,2010/8/6,1.37
Thur,2010/8/5,2.7
Wed,2010/8/4,1.1
Tues,2010/8/3,1.695
Mon,2010/8/2,1.31
Fri,2010/7/30,1.115
Thur,2010/7/29,2.6
Wed,2010/7/28,1.55
Tues,2010/7/27,1.505
Mon,2010/7/26,1.16
Fri,2010/7/23,1.36
Thur,2010/7/22,3.2
Wed,2010/7/21,1.09
Tues,2010/7/20,1.335
Mon,2010/7/19,1.715
Fri,2010/7/16,2.275
Thur,2010/7/15,6.65
Wed,2010/7/14,1.71
Tues,2010/7/13,1.035
Mon,2010/7/12,1.1
Fri,2010/7/9,1.205
Thur,2010/7/8,3.71
Wed,2010/7/7,1.01
Tues,2010/7/6,1.605
Mon,2010/7/5,1.71
Fri,2010/7/2,1.685
Thur,2010/7/1,3.06
Wed,2010/6/30,1.1
Tues,2010/6/29,2.22
Mon,2010/6/28,1.99
Fri,2010/6/25,2.345
Thur,2010/6/24,6.92
Wed,2010/6/23,1.89
Tues,2010/6/22,1.155
Mon,2010/6/21,1.635
Fri,2010/6/18,1.56
Thur,2010/6/17,5.68
Fri,2010/6/11,1.605
Thur,2010/6/10,10.915
Wed,2010/6/9,1.525
Tues,2010/6/8,1.105
Mon,2010/6/7,1.325
Fri,2010/6/4,2.135
Thur,2010/6/3,4.21
Wed,2010/6/2,2.095
Tues,2010/6/1,3.84
Mon,2010/5/31,1.74
Fri,2010/5/28,2.055
Thur,2010/5/27,4.925
Wed,2010/5/26,2.05
Tues,2010/5/25,1.685
Mon,2010/5/24,1.94
Fri,2010/5/21,1.665
Thur,2010/5/20,3.87
Wed,2010/5/19,1.325
Tues,2010/5/18,1.125
Mon,2010/5/17,1.145
Fri,2010/5/14,1.585
Thur,2010/5/13,3.15
Wed,2010/5/12,1.205
Tues,2010/5/11,1
Mon,2010/5/10,1.16
Fri,2010/5/7,1.575
Thur,2010/5/6,5.14
Wed,2010/5/5,1.675
Tues,2010/5/4,1.605
Fri,2010/4/30,1.445
Thur,2010/4/29,4.03
Wed,2010/4/28,1.105
Tues,2010/4/27,1.5
Mon,2010/4/26,1.125
Fri,2010/4/23,1.53
Thur,2010/4/22,3.55
Wed,2010/4/21,1.01
Tues,2010/4/20,1.36
Mon,2010/4/19,1.12
Fri,2010/4/16,1.37
Thur,2010/4/15,4.005
Wed,2010/4/14,1.52
Tues,2010/4/13,1.505
Mon,2010/4/12,1.06
Fri,2010/4/9,1.57
Thur,2010/4/8,3.335
Wed,2010/4/7,1.55
Tues,2010/4/6,1.35
Fri,2010/4/2,1.35
Thur,2010/4/1,3.355
Wed,2010/3/31,1.15
Tues,2010/3/30,1.11
Mon,2010/3/29,1.55
Fri,2010/3/26,1.62
Thur,2010/3/25,3.005
Wed,2010/3/24,0.985
Tues,2010/3/23,1.405
Mon,2010/3/22,1.04
Fri,2010/3/19,1.415
Thur,2010/3/18,3.36
Wed,2010/3/17,1.12
Tues,2010/3/16,1.35
Mon,2010/3/15,1.45
Fri,2010/3/12,1.5
Thur,2010/3/11,3.195
Wed,2010/3/10,1.5
Tues,2010/3/9,0.9
Mon,2010/3/8,1.04
Fri,2010/3/5,1.235
Thur,2010/3/4,3.66
Wed,2010/3/3,1.125
Tues,2010/3/2,1.59
Mon,2010/3/1,1.23
Fri,2010/2/26,1.175
Thur,2010/2/25,2.675
Wed,2010/2/24,1.1
Tues,2010/2/23,1.15
Mon,2010/2/22,1.05
Fri,2010/2/12,1.54
Thur,2010/2/11,9.93
Wed,2010/2/10,1.25
Tues,2010/2/9,1.47
Mon,2010/2/8,1.505
Fri,2010/2/5,1.22
Thur,2010/2/4,3.295
Wed,2010/2/3,1.225
Tues,2010/2/2,1.375
Mon,2010/2/1,1.215
Fri,2010/1/29,1.37
Thur,2010/1/28,2.76
Wed,2010/1/27,1.19
Tues,2010/1/26,1.315
Mon,2010/1/25,1.165
Fri,2010/1/22,1.1
Thur,2010/1/21,3.035
Wed,2010/1/20,1.16
Tues,2010/1/19,0.935
Mon,2010/1/18,1.29
Fri,2010/1/15,1.36
Thur,2010/1/14,2
Wed,2010/1/13,1.095
Tues,2010/1/12,1.25
Mon,2010/1/11,1.3
Fri,2010/1/8,1.41
Thur,2010/1/7,3.01
Wed,2010/1/6,1.2
Tues,2010/1/5,0.72
Mon,2010/1/4,1.255
Thur,2009/12/31,0.74
Wed,2009/12/30,1.265
Tues,2009/12/29,1.19
Mon,2009/12/28,1.025
Fri,2009/12/25,1.605
Thur,2009/12/24,3.83
Wed,2009/12/23,1.16
Tues,2009/12/22,1.305
Mon,2009/12/21,1.2
Fri,2009/12/18,1.21
Thur,2009/12/17,3.125
Wed,2009/12/16,1.115
Tues,2009/12/15,1.065
Mon,2009/12/14,0.8
Fri,2009/12/11,1.095
Thur,2009/12/10,3.13
Wed,2009/12/9,1.34
Tues,2009/12/8,1.92
Mon,2009/12/7,1.335
Fri,2009/12/4,1.575
Thur,2009/12/3,3.3
Wed,2009/12/2,1.44
Tues,2009/12/1,1.465
Mon,2009/11/30,1.46
Fri,2009/11/27,1.315
Thur,2009/11/26,4.18
Wed,2009/11/25,1.335
Tues,2009/11/24,1.315
Mon,2009/11/23,1
Fri,2009/11/20,1.32
Thur,2009/11/19,3.095
Wed,2009/11/18,0.995
Tues,2009/11/17,1.19
Mon,2009/11/16,1.185
Fri,2009/11/13,1.86
Thur,2009/11/12,4.155
Wed,2009/11/11,1.205
Tues,2009/11/10,0.905
Mon,2009/11/9,1.2
Fri,2009/11/6,1.155
Thur,2009/11/5,3.11
Wed,2009/11/4,1.205
Tues,2009/11/3,1.085
Mon,2009/11/2,1.325
Fri,2009/10/30,0.915
Thur,2009/10/29,1.85
Wed,2009/10/28,1.05
Tues,2009/10/27,1.2
Mon,2009/10/26,1.36
Fri,2009/10/23,1.215
Thur,2009/10/22,3.36
Wed,2009/10/21,1.1
Tues,2009/10/20,1.08
Mon,2009/10/19,1.43
Fri,2009/10/16,1.335
Thur,2009/10/15,3.33
Wed,2009/10/14,1
Tues,2009/10/13,1.065
Mon,2009/10/12,1.115
Fri,2009/10/9,1.785
Wed,2009/9/30,4.045
Tues,2009/9/29,4
Mon,2009/9/28,0.72
Fri,2009/9/25,1.195
Thur,2009/9/24,3.02
Wed,2009/9/23,1.01
Tues,2009/9/22,1.67
Mon,2009/9/21,1.32
Fri,2009/9/18,1.05
Thur,2009/9/17,3.265
Wed,2009/9/16,1.53
Tues,2009/9/15,1.36
Mon,2009/9/14,1.325
Fri,2009/9/11,1.295
Thur,2009/9/10,4.23
Wed,2009/9/9,1
Tues,2009/9/8,1.35
Mon,2009/9/7,1
Fri,2009/9/4,0.905
Thur,2009/9/3,2.075
Wed,2009/9/2,0.9
Tues,2009/9/1,1.59
Mon,2009/8/31,1.575
Fri,2009/8/28,1.6
Thur,2009/8/27,3.23
Wed,2009/8/26,1.2
Tues,2009/8/25,0.895
Mon,2009/8/24,1.02
Fri,2009/8/21,1.185
Thur,2009/8/20,3.11
Wed,2009/8/19,1.005
Tues,2009/8/18,1.25
Mon,2009/8/17,1.175
Fri,2009/8/14,1.18
Thur,2009/8/13,2.805
Wed,2009/8/12,1.235
Tues,2009/8/11,1
Mon,2009/8/10,0.89
Fri,2009/8/7,1.285
Thur,2009/8/6,2.665
Wed,2009/8/5,1.1
Tues,2009/8/4,1.635
Mon,2009/8/3,1.605
Fri,2009/7/31,1.505
Thur,2009/7/30,2.46
Wed,2009/7/29,1.005
Tues,2009/7/28,0.95
Mon,2009/7/27,1.195
Fri,2009/7/24,1.32
Thur,2009/7/23,4.97
Wed,2009/7/22,1.475
Tues,2009/7/21,1.325
Mon,2009/7/20,0.885
Fri,2009/7/17,1.12
Thur,2009/7/16,2.78
Wed,2009/7/15,1.295
Tues,2009/7/14,0.9
Mon,2009/7/13,1.09
Fri,2009/7/10,1.255
Thur,2009/7/9,2.335
Wed,2009/7/8,1
Tues,2009/7/7,1.12
Mon,2009/7/6,1.105
Fri,2009/7/3,1.25
Thur,2009/7/2,3.055
Wed,2009/7/1,0.915
Tues,2009/6/30,1.2
Mon,2009/6/29,0.895
Fri,2009/6/26,1.02
Thur,2009/6/25,2.695
Wed,2009/6/24,0.895
Tues,2009/6/23,0.895
Mon,2009/6/22,0.985
Fri,2009/6/19,1.255
Thur,2009/6/18,2.695
Wed,2009/6/17,0.9
Tues,2009/6/16,0.5
Mon,2009/6/15,0.88
Fri,2009/6/12,0.9
Thur,2009/6/11,1.2
Wed,2009/6/10,0.7
Tues,2009/6/9,0.895
Mon,2009/6/8,0.895
Fri,2009/6/5,0.895
Thur,2009/6/4,2.275
Wed,2009/6/3,0.895
Tues,2009/6/2,0.895
Mon,2009/6/1,0.895
Wed,2009/5/27,0.895
Tues,2009/5/26,3.975
Mon,2009/5/25,0.91
Fri,2009/5/22,1.26
Thur,2009/5/21,2.7
Wed,2009/5/20,0.895
Tues,2009/5/19,0.895
Mon,2009/5/18,0.895
Fri,2009/5/15,0.895
Thur,2009/5/14,2.695
Wed,2009/5/13,0.955
Tues,2009/5/12,0.895
Mon,2009/5/11,0.895
Fri,2009/5/8,0.895
Thur,2009/5/7,2.695
Wed,2009/5/6,0.895
Tues,2009/5/5,0.895
Mon,2009/5/4,0.9
Thur,2009/4/30,0.895
Wed,2009/4/29,3.53
Tues,2009/4/28,0.91
Mon,2009/4/27,0.895
Fri,2009/4/24,1.255
Thur,2009/4/23,3.06
Wed,2009/4/22,0.895
Tues,2009/4/21,0.92
Mon,2009/4/20,0.895
Fri,2009/4/17,0.89
Thur,2009/4/16,2.67
Wed,2009/4/15,0.895
Tues,2009/4/14,0.89
Mon,2009/4/13,0.9
Fri,2009/4/10,0.9
Thur,2009/4/9,2.65
Wed,2009/4/8,0.76
Tues,2009/4/7,0.81
Fri,2009/4/3,1.545
Thur,2009/4/2,2.36
Wed,2009/4/1,0.895
Tues,2009/3/31,0.895
Mon,2009/3/30,0.83
Fri,2009/3/27,0.895
Thur,2009/3/26,2.96
Wed,2009/3/25,0.895
Tues,2009/3/24,1.26
Mon,2009/3/23,0.905
Fri,2009/3/20,0.9
Thur,2009/3/19,3.46
Wed,2009/3/18,0.72
Tues,2009/3/17,0.895
Mon,2009/3/16,0.61
Fri,2009/3/13,0.905
Thur,2009/3/12,1.255
Wed,2009/3/11,0.885
Tues,2009/3/10,0.895
Mon,2009/3/9,1.26
Fri,2009/3/6,0.905
Thur,2009/3/5,0.9
Wed,2009/3/4,0.95
Tues,2009/3/3,0.895
Mon,2009/3/2,0.775
Fri,2009/2/27,0.9
Thur,2009/2/26,1.615
Wed,2009/2/25,0.9
Tues,2009/2/24,0.895
Mon,2009/2/23,0.905
Fri,2009/2/20,0.895
Thur,2009/2/19,1.97
Wed,2009/2/18,0.895
Tues,2009/2/17,0.89
Mon,2009/2/16,0.88
Fri,2009/2/13,0.895
Thur,2009/2/12,1.615
Wed,2009/2/11,0.895
Tues,2009/2/10,0.895
Mon,2009/2/9,0.9
Fri,2009/2/6,1.26
Thur,2009/2/5,1.62
Wed,2009/2/4,0.895
Tues,2009/2/3,0.9
Mon,2009/2/2,0.895
Fri,2009/1/23,0.5
Thur,2009/1/22,12.005
Wed,2009/1/21,1.255
Tues,2009/1/20,1.26
Mon,2009/1/19,0.79
Fri,2009/1/16,0.91
Thur,2009/1/15,0.935
Wed,2009/1/14,0.915
Tues,2009/1/13,0.89
Mon,2009/1/12,0.895
Fri,2009/1/9,0.895
Thur,2009/1/8,1.62
Wed,2009/1/7,1.005
Tues,2009/1/6,0.895
Mon,2009/1/5,1.15
Wed,2008/12/31,0.965
Tues,2008/12/30,1.26
Mon,2008/12/29,1.04
Fri,2008/12/26,1.255
Thur,2008/12/25,2.5
Wed,2008/12/24,1.265
Tues,2008/12/23,0.905
Mon,2008/12/22,0.9
Fri,2008/12/19,1.42
Thur,2008/12/18,2
Wed,2008/12/17,1.255
Tues,2008/12/16,1.59
Mon,2008/12/15,1.4
Fri,2008/12/12,1.62
Thur,2008/12/11,1.625
Wed,2008/12/10,0.905
Tues,2008/12/9,1.25
Mon,2008/12/8,1.62
Fri,2008/12/5,1.585
Thur,2008/12/4,1.2
Wed,2008/12/3,1.26
Tues,2008/12/2,1.98
Mon,2008/12/1,1.285
Fri,2008/11/28,1.98
Thur,2008/11/27,2.33
Wed,2008/11/26,1.615
Tues,2008/11/25,1.26
Mon,2008/11/24,1.29
Fri,2008/11/21,2.02
Thur,2008/11/20,3.555
Wed,2008/11/19,1.735
Tues,2008/11/18,2.695
Mon,2008/11/17,2.335
Fri,2008/11/14,1.695
Thur,2008/11/13,3.785
Wed,2008/11/12,1.615
Tues,2008/11/11,1.615
Mon,2008/11/10,2.34
Fri,2008/11/7,1.975
Thur,2008/11/6,1.975
Wed,2008/11/5,1.62
Tues,2008/11/4,1.765
Mon,2008/11/3,1.665
Fri,2008/10/31,1.615
Thur,2008/10/30,1.835
Wed,2008/10/29,1.255
Tues,2008/10/28,1.255
Mon,2008/10/27,2.055
Fri,2008/10/24,1.95
Thur,2008/10/23,1.995
Wed,2008/10/22,2.3
Tues,2008/10/21,1.625
Mon,2008/10/20,1.62
Fri,2008/10/17,1.995
Thur,2008/10/16,1.955
Wed,2008/10/15,1.27
Tues,2008/10/14,1.26
Mon,2008/10/13,1.615
Fri,2008/10/10,2.5
Thur,2008/10/9,2
Wed,2008/10/8,1.365
Tues,2008/10/7,2.7
Mon,2008/10/6,0.9
Fri,2008/9/26,2.095
Thur,2008/9/25,17.47
Wed,2008/9/24,3.485
Tues,2008/9/23,1.62
Mon,2008/9/22,1.62
Fri,2008/9/19,2.2
Thur,2008/9/18,1.98
Wed,2008/9/17,1.975
Tues,2008/9/16,2.325
Fri,2008/9/12,1.96
Thur,2008/9/11,2
Wed,2008/9/10,0.9
Tues,2008/9/9,1.82
Mon,2008/9/8,2.335
Fri,2008/9/5,2.075
Thur,2008/9/4,1.725
Wed,2008/9/3,1.995
Tues,2008/9/2,1.945
Mon,2008/9/1,1.26
Fri,2008/8/29,1.975
Thur,2008/8/28,2.34
Wed,2008/8/27,1.525
Tues,2008/8/26,2.35
Mon,2008/8/25,1.615
Fri,2008/8/22,1.98
Thur,2008/8/21,1.265
Wed,2008/8/20,1.62
Tues,2008/8/19,1.765
Mon,2008/8/18,2.62
Fri,2008/8/15,2.335
Thur,2008/8/14,7
Wed,2008/8/13,1.665
Tues,2008/8/12,1.185
Mon,2008/8/11,1.41
Fri,2008/8/8,1.6
Thur,2008/8/7,4.865
Wed,2008/8/6,7
Tues,2008/8/5,2.605
Mon,2008/8/4,1.55
Fri,2008/8/1,1.975
Thur,2008/7/31,1.26
Wed,2008/7/30,0.9
Tues,2008/7/29,1.875
Mon,2008/7/28,1.615
Fri,2008/7/25,2.8
Thur,2008/7/24,2.5
Wed,2008/7/23,0.9
Tues,2008/7/22,1.26
Mon,2008/7/21,2.695
Fri,2008/7/18,1.975
Thur,2008/7/17,1.62
Wed,2008/7/16,1.615
Tues,2008/7/15,1.615
Mon,2008/7/14,1.975
Fri,2008/7/11,1.62
Thur,2008/7/10,1.64
Wed,2008/7/9,1.26
Tues,2008/7/8,1.975
Mon,2008/7/7,1.975
Fri,2008/7/4,1.98
Thur,2008/7/3,1.62
Wed,2008/7/2,1.115
Tues,2008/7/1,0.93
Mon,2008/6/30,1.255
Fri,2008/6/27,1.98
Thur,2008/6/26,5.935
Wed,2008/6/25,1.26
Tues,2008/6/24,1.975
Mon,2008/6/23,1.255
Fri,2008/6/20,1.65
Thur,2008/6/19,1.62
Wed,2008/6/18,1.255
Tues,2008/6/17,1.975
Mon,2008/6/16,1.975
Fri,2008/6/13,1.255
Thur,2008/6/12,1.625
Wed,2008/6/11,1.975
Tues,2008/6/10,1.96
Fri,2008/6/6,3.415
Thur,2008/6/5,3.415
Wed,2008/6/4,1.255
Tues,2008/6/3,1.975
Mon,2008/6/2,1.255
Fri,2008/5/30,1.615
Thur,2008/5/29,5.215
Wed,2008/5/28,1.255
Tues,2008/5/27,1.98
Mon,2008/5/26,1.255
Fri,2008/5/23,1.615
Thur,2008/5/22,1.255
Wed,2008/5/21,1.255
Tues,2008/5/20,1.975
Mon,2008/5/19,2.7
Fri,2008/5/16,3.775
Thur,2008/5/15,2.7
Wed,2008/5/14,2.705
Tues,2008/5/13,1.58
Mon,2008/5/12,1.975
Fri,2008/5/9,1.615
Thur,2008/5/8,5.215
Wed,2008/5/7,2.42
Tues,2008/5/6,1.62
Mon,2008/5/5,1.255
Wed,2008/4/30,1.25
Tues,2008/4/29,1.98
Mon,2008/4/28,1.615
Fri,2008/4/25,1.62
Thur,2008/4/24,3.12
Wed,2008/4/23,2.125
Tues,2008/4/22,1.63
Mon,2008/4/21,1.255
Fri,2008/4/18,2.705
Thur,2008/4/17,6
Wed,2008/4/16,1.615
Tues,2008/4/15,1.255
Mon,2008/4/14,0.9
Fri,2008/4/11,1.255
Thur,2008/4/10,7.135
Wed,2008/4/9,2.25
Tues,2008/4/8,1.615
Mon,2008/4/7,1.255
Thur,2008/4/3,1.96
Wed,2008/4/2,2.34
Tues,2008/4/1,1.615
Mon,2008/3/31,1.255
Fri,2008/3/28,1.62
Thur,2008/3/27,2.445
Wed,2008/3/26,1.615
Tues,2008/3/25,1.615
Mon,2008/3/24,1.255
Fri,2008/3/21,2.055
Thur,2008/3/20,1.62
Wed,2008/3/19,1.255
Tues,2008/3/18,1.255
Mon,2008/3/17,1.255
Fri,2008/3/14,1.62
Thur,2008/3/13,1.255
Wed,2008/3/12,0.9
Tues,2008/3/11,1.195
Mon,2008/3/10,1.255
Fri,2008/3/7,1.615
Thur,2008/3/6,1.595
Wed,2008/3/5,1.615
Tues,2008/3/4,1.615
Mon,2008/3/3,1.26
Fri,2008/2/29,1.1
Thur,2008/2/28,5.17
Wed,2008/2/27,3
Tues,2008/2/26,1.615
Mon,2008/2/25,1.615
Fri,2008/2/22,1.615
Thur,2008/2/21,1.62
Wed,2008/2/20,1.24
Tues,2008/2/19,1.23
Mon,2008/2/18,1.2
Fri,2008/2/15,1.615
Thur,2008/2/14,5.19
Wed,2008/2/13,1.26
Tues,2008/2/5,1.26
Mon,2008/2/4,2.34
Fri,2008/2/1,1.98
Thur,2008/1/31,5.22
Wed,2008/1/30,1.615
Tues,2008/1/29,1.26
Mon,2008/1/28,4
Fri,2008/1/25,15
Thur,2008/1/24,3.025
Wed,2008/1/23,1.255
Tues,2008/1/22,0.9
Mon,2008/1/21,1.585
Fri,2008/1/18,1.59
Thur,2008/1/17,3.04
Wed,2008/1/16,1.255
Tues,2008/1/15,0.895
Mon,2008/1/14,0.94
Fri,2008/1/11,1.615
Thur,2008/1/10,3.42
Wed,2008/1/9,0.895
Tues,2008/1/8,0.9
Mon,2008/1/7,1.615
Fri,2008/1/4,1.615
Thur,2008/1/3,5.04
Wed,2008/1/2,1.255
Fri,2007/12/28,2
Thur,2007/12/27,1.255
Wed,2007/12/26,0.955
Tues,2007/12/25,0.8
Mon,2007/12/24,0.9
Fri,2007/12/21,1.39
Thur,2007/12/20,1.615
Wed,2007/12/19,1.19
Tues,2007/12/18,1.615
Mon,2007/12/17,1.615
Fri,2007/12/14,90
Thur,2007/12/13,1.98
Wed,2007/12/12,1.26
Tues,2007/12/11,1.255
Mon,2007/12/10,0.905
Fri,2007/12/7,2
Thur,2007/12/6,5.215
Wed,2007/12/5,23
Tues,2007/12/4,1.615
Mon,2007/12/3,1.25
Fri,2007/11/30,1.505
Thur,2007/11/29,0.9
Wed,2007/11/28,1.26
Tues,2007/11/27,1.255
Mon,2007/11/26,1.615
Fri,2007/11/23,2.8
Thur,2007/11/22,5.215
Wed,2007/11/21,40
Tues,2007/11/20,1.975
Mon,2007/11/19,1.615
Fri,2007/11/16,1.255
Thur,2007/11/15,1.97
Wed,2007/11/14,0.9
Tues,2007/11/13,0.895
Mon,2007/11/12,1.2
Fri,2007/11/9,1.255
Thur,2007/11/8,2.595
Wed,2007/11/7,0.9
Tues,2007/11/6,0.9
Mon,2007/11/5,1.615
Fri,2007/11/2,1.98
Thur,2007/11/1,5.22
Wed,2007/10/31,2.995
Tues,2007/10/30,1.635
Mon,2007/10/29,5.835
Fri,2007/10/26,10
Thur,2007/10/25,1.5
Wed,2007/10/24,1.255
Tues,2007/10/23,1.26
Mon,2007/10/22,1.615
Fri,2007/10/19,1.26
Thur,2007/10/18,3.775
Wed,2007/10/17,1.255
Tues,2007/10/16,1.255
Mon,2007/10/15,1.23
Fri,2007/10/12,1.23
Thur,2007/10/11,2.985
Wed,2007/10/10,1.595
Tues,2007/10/9,1.255
Mon,2007/10/8,1.225
Fri,2007/9/28,1.055
Thur,2007/9/27,11.64
Wed,2007/9/26,1.8
Tues,2007/9/25,30
Mon,2007/9/24,2.77
Fri,2007/9/21,9.59
Thur,2007/9/20,10.225
Wed,2007/9/19,6
Tues,2007/9/18,3.24
Mon,2007/9/17,10
Fri,2007/9/14,1.615
Thur,2007/9/13,5.81
Wed,2007/9/12,1.615
Tues,2007/9/11,2
Mon,2007/9/10,3.795
Fri,2007/9/7,1.62
Thur,2007/9/6,1.715
Wed,2007/9/5,1.255
Tues,2007/9/4,0.91
Mon,2007/9/3,1.255
Fri,2007/8/31,1.73
Thur,2007/8/30,1.615
Wed,2007/8/29,1.5
Tues,2007/8/28,1.615
Mon,2007/8/27,1.715
Fri,2007/8/24,1.98
Thur,2007/8/23,1.26
Wed,2007/8/22,0.895
Tues,2007/8/21,1.26
Mon,2007/8/20,1.15
Fri,2007/8/17,0.9
Thur,2007/8/16,1.255
Wed,2007/8/15,0.895
Tues,2007/8/14,1.24
Mon,2007/8/13,1.255
Fri,2007/8/10,1.615
Thur,2007/8/9,3.555
Wed,2007/8/8,1.255
Tues,2007/8/7,1.26
Mon,2007/8/6,1.615
Fri,2007/8/3,1.615
Thur,2007/8/2,5.31
Wed,2007/8/1,1.62
Tues,2007/7/31,1.615
Mon,2007/7/30,1.255
Fri,2007/7/27,1.615
Thur,2007/7/26,5.215
Wed,2007/7/25,1.615
Tues,2007/7/24,2.305
Mon,2007/7/23,1.395
Fri,2007/7/20,1.255
Thur,2007/7/19,0.8
Wed,2007/7/18,1.11
Tues,2007/7/17,0.9
Mon,2007/7/16,1.975
Fri,2007/7/13,3.85
Thur,2007/7/12,1.62
Wed,2007/7/11,1.2
Tues,2007/7/10,0.9
Mon,2007/7/9,0.895
Fri,2007/7/6,1.25
Thur,2007/7/5,6.53
Wed,2007/7/4,1.615
Tues,2007/7/3,5.105
Mon,2007/7/2,1.615
Fri,2007/6/29,1.615
Thur,2007/6/28,1.615
Wed,2007/6/27,1
Tues,2007/6/26,1.25
Mon,2007/6/25,1.255
Fri,2007/6/22,1.415
Thur,2007/6/21,1.84
Wed,2007/6/20,1.615
Tues,2007/6/19,2
Mon,2007/6/18,5
Fri,2007/6/15,3.06
Thur,2007/6/14,1.615
Wed,2007/6/13,1.26
Tues,2007/6/12,1.4
Mon,2007/6/11,1.255
Fri,2007/6/8,1.615
Thur,2007/6/7,1.615
Wed,2007/6/6,1.255
Tues,2007/6/5,1.615
Mon,2007/6/4,1.615
Fri,2007/6/1,3.29
Thur,2007/5/31,1.98
Wed,2007/5/30,1.255
Tues,2007/5/29,1.255
Mon,2007/5/28,1.255
Fri,2007/5/25,1.255
Thur,2007/5/24,1.615
Wed,2007/5/23,1.26
Tues,2007/5/22,1.255
Mon,2007/5/21,1.255
Fri,2007/5/18,1.245
Thur,2007/5/17,1.255
Wed,2007/5/16,1.25
Tues,2007/5/15,1.26
Mon,2007/5/14,1.615
Fri,2007/5/11,1.255
Thur,2007/5/10,4.445
Wed,2007/5/9,1.62
Tues,2007/5/8,1.2
Mon,2007/4/30,1.615
Fri,2007/4/27,9.33
Thur,2007/4/26,10.515
Wed,2007/4/25,1.98
Tues,2007/4/24,1.26
Mon,2007/4/23,1.975
Fri,2007/4/20,4.32
Thur,2007/4/19,5.3
Wed,2007/4/18,1.615
Tues,2007/4/17,1.615
Mon,2007/4/16,1.615
Fri,2007/4/13,2
Thur,2007/4/12,1.6
Wed,2007/4/11,1.25
Tues,2007/4/10,1.615
Mon,2007/4/9,1.61
Fri,2007/4/6,1.975
Thur,2007/4/5,4.135
Wed,2007/4/4,1.26
Tues,2007/4/3,1.26
Mon,2007/4/2,1.615
Fri,2007/3/30,1.26
Thur,2007/3/29,1.98
Wed,2007/3/28,1.305
Tues,2007/3/27,1.615
Mon,2007/3/26,1.98
Fri,2007/3/23,1.98
Thur,2007/3/22,4.11
Wed,2007/3/21,1.615
Tues,2007/3/20,1.62
Mon,2007/3/19,1.615
Fri,2007/3/16,1.62
Thur,2007/3/15,1.975
Wed,2007/3/14,1.255
Tues,2007/3/13,1.26
Mon,2007/3/12,1.26
Fri,2007/3/9,1.62
Thur,2007/3/8,1.615
Wed,2007/3/7,1.615
Tues,2007/3/6,1.53
Mon,2007/3/5,1.61
Fri,2007/3/2,1.255
Thur,2007/3/1,1.615
Wed,2007/2/28,1.62
Tues,2007/2/27,1.255
Mon,2007/2/26,1.425
Fri,2007/2/16,1.615
Thur,2007/2/15,5.22
Wed,2007/2/14,1.615
Tues,2007/2/13,7.5
Mon,2007/2/12,13.5
Fri,2007/2/9,4.43
Thur,2007/2/8,5.46
Wed,2007/2/7,1.615
Tues,2007/2/6,1.975
Mon,2007/2/5,1.615
Fri,2007/2/2,1.62
Thur,2007/2/1,3.06
Wed,2007/1/31,1.46
Tues,2007/1/30,1.565
Mon,2007/1/29,1.255
Fri,2007/1/26,2.22
Thur,2007/1/25,2.335
Wed,2007/1/24,8.99
Tues,2007/1/23,9.96
Mon,2007/1/22,1.615
Fri,2007/1/19,1.62
Thur,2007/1/18,1.98
Wed,2007/1/17,1.255
Tues,2007/1/16,1.98
Mon,2007/1/15,1.96
Fri,2007/1/12,2.335
Thur,2007/1/11,3.42
Wed,2007/1/10,1.255
Tues,2007/1/9,1.255
Mon,2007/1/8,1.26
Fri,2007/1/5,1.615
Thur,2007/1/4,1.975
Fri,2006/12/29,1.26
Wed,2006/12/27,3.525
Tues,2006/12/26,4.19
Mon,2006/12/25,1.975
Fri,2006/12/22,1.26
Thur,2006/12/21,1.98
Wed,2006/12/20,1.26
Tues,2006/12/19,1.26
Mon,2006/12/18,2.33
Fri,2006/12/15,1.615
Thur,2006/12/14,2.27
Wed,2006/12/13,1.595
Tues,2006/12/12,1.26
Mon,2006/12/11,2.725
Fri,2006/12/8,2.7
Thur,2006/12/7,5.215
Wed,2006/12/6,1.25
Tues,2006/12/5,1.255
Mon,2006/12/4,1.62
Fri,2006/12/1,1.26
Thur,2006/11/30,1.975
Wed,2006/11/29,1.475
Tues,2006/11/28,2.335
Mon,2006/11/27,2.895
Fri,2006/11/24,2.325
Thur,2006/11/23,2.27
Wed,2006/11/22,1.26
Tues,2006/11/21,3.055
Mon,2006/11/20,5.6
Fri,2006/11/17,2.7
Thur,2006/11/16,2.35
Wed,2006/11/15,1.615
Tues,2006/11/14,1.615
Mon,2006/11/13,4.415
Fri,2006/11/10,10.245
Thur,2006/11/9,1.975
Wed,2006/11/8,2.88
Tues,2006/11/7,2.34
Mon,2006/11/6,2.7
Fri,2006/11/3,2.695
Thur,2006/11/2,3.995
Wed,2006/11/1,1.615
Tues,2006/10/31,2.5
Mon,2006/10/30,2.6
Fri,2006/10/27,2.34
Thur,2006/10/26,1.615
Wed,2006/10/25,1.26
Tues,2006/10/24,1.59
Mon,2006/10/23,1.615
Fri,2006/10/20,2.695
Thur,2006/10/19,4.855
Wed,2006/10/18,1.255
Tues,2006/10/17,1.255
Mon,2006/10/16,1.245
Fri,2006/10/13,1.26
Thur,2006/10/12,2.335
Wed,2006/10/11,1.615
Tues,2006/10/10,1.615
Mon,2006/10/9,1.615
Fri,2006/9/29,1.62
Thur,2006/9/28,8.455
Wed,2006/9/27,1.865
Tues,2006/9/26,5.94
Mon,2006/9/25,3.425
Fri,2006/9/22,1.32
Thur,2006/9/21,1.5
Wed,2006/9/20,1.26
Tues,2006/9/19,1.26
Mon,2006/9/18,1.61
Fri,2006/9/15,1.97
Thur,2006/9/14,1.975
Wed,2006/9/13,2.63
Tues,2006/9/12,1.2
Mon,2006/9/11,1.98
Fri,2006/9/8,1.975
Thur,2006/9/7,2.34
Wed,2006/9/6,1.26
Tues,2006/9/5,1.26
Mon,2006/9/4,2.335
Fri,2006/9/1,2.4
Thur,2006/8/31,5.905
Wed,2006/8/30,1.62
Tues,2006/8/29,1.625
Mon,2006/8/28,1.26
Fri,2006/8/25,1.365
Thur,2006/8/24,1.97
Wed,2006/8/23,1.6
Tues,2006/8/22,1.6
Mon,2006/8/21,1.26
Fri,2006/8/18,1.62
Thur,2006/8/17,2.89
Wed,2006/8/16,1.615
Tues,2006/8/15,1.9
Mon,2006/8/14,1.78
Fri,2006/8/11,1.6
Thur,2006/8/10,5
Wed,2006/8/9,1.65
Tues,2006/8/8,1.62
Mon,2006/8/7,1.615
Fri,2006/8/4,1.975
Thur,2006/8/3,2.335
Wed,2006/8/2,1.615
Tues,2006/8/1,1.26
Mon,2006/7/31,1.98
Fri,2006/7/28,1.26
Thur,2006/7/27,1.975
Wed,2006/7/26,1.985
Tues,2006/7/25,1.69
Mon,2006/7/24,1.675
Fri,2006/7/21,5.2
Thur,2006/7/20,1.615
Wed,2006/7/19,4
Tues,2006/7/18,5.1
Mon,2006/7/17,1.975
Fri,2006/7/14,2.335
Thur,2006/7/13,1.9
Wed,2006/7/12,1.62
Tues,2006/7/11,1.975
Mon,2006/7/10,1.61
Fri,2006/7/7,3.24
Thur,2006/7/6,1.27
Wed,2006/7/5,1.26
Tues,2006/7/4,1.255
Mon,2006/7/3,1.62
Fri,2006/6/30,1.61
Thur,2006/6/29,1.975
Wed,2006/6/28,2.34
Tues,2006/6/27,2.335
Mon,2006/6/26,2.335
Fri,2006/6/23,3.4
Thur,2006/6/22,2.7
Tues,2006/6/20,1.26
Mon,2006/6/19,1.98
Thur,2006/6/15,3.78
Mon,2006/6/12,1.615
Thur,2006/6/1,3.06
Mon,2006/5/22,1.62
Tues,2006/5/16,1.65
Mon,2006/5/8,1.5
